,School_Name,STREET,POSTCODE,WEB_SITE,School_Group,LNG,LAT,SCHNAME,TOWN,SCHSTATUS,MINORGROUP,SCHOOLTYPE,ISPRIMARY,ISSECONDARY,ISPOST16,AGELOW,AGEHIGH,GENDER,RELCHAR,OFSTEDRATING
0,Acocks Green Primary School,Westley Road,B27 7UQ,http://acocks.schooljotter2.com/,Primary,-1.825223129,52.44679522,Acocks Green Primary School,Birmingham,Open,Academy,Academy converter,1,0,0,3,11,Mixed,Does not apply,
1,Adderley Primary School,Arden Road,B8 1DZ,http://www.adderleyprimary.co.uk/,Primary,-1.8610507230000002,52.48382747,Adderley Primary School,Birmingham,Open,Maintained school,Community school,1,0,0,4,11,Mixed,Does not apply,Good
2,Al-Furqan Primary School,Reddings Lane,B11 3EY,http://www.al-furqan-pri.bham.sch.uk/,Primary,-1.847550234,52.44890278,Al-Furqan Primary School,Birmingham,Open,Maintained school,Voluntary aided school,1,0,0,4,11,Mixed,Muslim,Good
3,Al-Hijrah School,"Cherrywood Centre, Burbidge Road",B9 4US,http://www.alhijrahschool.co.uk/,All Through,-1.8533292030000001,52.48104026,Al-Hijrah School,Birmingham,Closed,Maintained school,Voluntary aided school,1,1,0,4,16,Mixed,Muslim,Special Measures
4,Albert Bradbeer Primary Academy,Turves Green,B31 4RD,http://www.abprimary.bham.sch.uk/,Primary,-1.97240037,52.39449077,Albert Bradbeer Primary Academy,Birmingham,Open,Academy,Academy converter,1,0,0,3,11,Mixed,Does not apply,Good
5,Allens Croft Primary School,Allens Croft Road,B14 6RP,http://www.allcroft.bham.sch.uk/,Primary,-1.91327193,52.42116285,Allens Croft Primary School,Birmingham,Open,Maintained school,Community school,1,0,0,4,11,Mixed,Does not apply,Good
6,Alston Primary School,Alston Road,B9 5UN,http://www.alston.bham.sch.uk/,Primary,-1.831049399,52.48147803,Alston Primary School,Birmingham,Open,Academy,Academy sponsor led,1,0,0,3,11,Mixed,Does not apply,Good
7,Anderton Park Primary School,Dennis Road,B12 8BL,http://www.andertonparkschool.org/,Primary,-1.8751760080000002,52.45126346,Anderton Park Primary School,Birmingham,Open,Maintained school,Community school,1,0,0,3,11,Mixed,Does not apply,Good
8,Anglesey Primary School,Anglesey Street,B19 1RA,http://www.angleseysch-bham.co.uk/,Primary,-1.910584496,52.49963448,Anglesey Primary School,Birmingham,Open,Maintained school,Community school,1,0,0,3,11,Mixed,Does not apply,Good
9,Archbishop Ilsley Catholic School,Victoria Road,B27 7XY,http://www.ilsley.bham.sch.uk/,Secondary,-1.821846799,52.44487533,Archbishop Ilsley Catholic School,Birmingham,Closed,Maintained school,Voluntary aided school,0,1,1,11,18,Mixed,Roman Catholic,Good
10,Archbishop Ilsley Catholic School,Victoria Road,B27 7XY,http://www.ilsley.bham.sch.uk/,Secondary,-1.821846799,52.44487533,Archbishop Ilsley Catholic School,Birmingham,Open,Academy,Academy converter,0,1,1,11,18,Mixed,Roman Catholic,
11,Arden Primary School,Baker Street,B11 4SF,http://www.arden.bham.sch.uk/,Primary,-1.862509285,52.4551961,Arden Primary School,Birmingham,Open,Maintained school,Community school,1,0,0,3,11,Mixed,Does not apply,Good
12,Ark Boulton Academy,Golden Hillock Road,B11 2QG,http://arkboulton.org/,Secondary,-1.860838394,52.4577473,Ark Boulton Academy,Birmingham,Open,Academy,Academy sponsor led,0,1,0,11,16,Mixed,Does not apply,Good
13,Ark Kings Academy,Shannon Road,B38 9DE,http://www.arkkingsacademy.org/,Secondary,-1.9315556809999999,52.39811531,Ark Kings Academy,Birmingham,Open,Academy,Academy sponsor led,1,1,1,4,18,Mixed,None,Good
14,Ark St Alban's Academy,Conybere Street,B12 0YH,http://arkstalbans.org/,Secondary,-1.8892807440000001,52.4666642,Ark St Alban's Academy,Birmingham,Open,Academy,Academy sponsor led,0,1,1,11,18,Mixed,Church of England,Requires improvement
15,Ark Tindal Primary Academy,Tindal Street,B12 9QS,http://www.arktindalprimary.org/,Primary,-1.888703803,52.45507070000001,Ark Tindal Primary Academy,Birmingham,Open,Academy,Academy sponsor led,1,0,0,3,11,Mixed,Does not apply,Good
16,Aston Manor Academy,Phillips Street,B6 4PZ,http://www.astonmanor.bham.sch.uk/,Secondary,-1.890147499,52.495958400000006,Aston Manor Academy,Birmingham,Open,Academy,Academy converter,0,1,1,11,18,Mixed,None,Outstanding
17,Aston Tower Community Primary School,Upper Sutton Street,B6 5BE,http://www.astontowerprimary.co.uk/,Primary,-1.887278555,52.500405799999996,Aston Tower Community Primary School,Birmingham,Open,Academy,Academy converter,1,0,0,3,11,Mixed,Does not apply,Good
18,Aston University Engineering Academy,1 Lister Street,B7 4AG,http://www.auea.co.uk/,Secondary,-1.8862869530000002,52.48917874,Aston University Engineering Academy,Birmingham,Open,Academy,University technical college,0,1,1,13,19,Mixed,Does not apply,Good
19,Audley Primary School,Audley Road,B33 9HY,http://www.audley.bham.sch.uk/,Primary,-1.796120435,52.48832748,Audley Primary School,Birmingham,Open,Academy,Academy converter,1,0,0,3,11,Mixed,Does not apply,Requires improvement
20,Balaam Wood School,New Street,B45 0EU,http://www.frankley.bham.sch.uk/,Secondary,-2.017152247,52.40386929,Balaam Wood School,Birmingham,Closed,Maintained school,Community school,0,1,0,11,16,Mixed,Does not apply,Serious Weaknesses
21,Banners Gate Primary School,Coppice View Road,B73 6UE,http://www.bannersgate.bham.sch.uk/,Primary,-1.8773942469999998,52.5587313,Banners Gate Primary School,Sutton Coldfield,Closed,Maintained school,Community school,1,0,0,3,11,Mixed,Does not apply,Special Measures
22,Barford Primary School,Barford Road,B16 0EF,http://www.barfordprimary.co.uk/site,Primary,-1.935031137,52.48463113,Barford Primary School,Birmingham,Open,Maintained school,Community school,1,0,0,3,11,Mixed,Does not apply,Good
23,Bartley Green School,Adams Hill,B32 3QJ,http://www.bartleygreen.org.uk/,Secondary,-1.999072363,52.43748437,Bartley Green School,Birmingham,Open,Academy,Academy converter,0,1,0,11,16,Mixed,None,Outstanding
24,Baskerville School,Fellows Lane,B17 9TS,http://www.baskvill.bham.sch.uk/,Special,-1.966651219,52.45783315,Baskerville School,Birmingham,Open,Special school,Foundation special school,0,1,1,11,19,Mixed,Does not apply,Good
25,Beaufort School,Stechford Road,B34 6BJ,http://www.beaufort.bham.sch.uk/,Special,-1.8073728619999998,52.49254826,Beaufort School,Birmingham,Open,Special school,Community special school,1,0,0,2,11,Mixed,Does not apply,Outstanding
26,Bellfield Infant School (NC),Vineyard Road,B31 1PT,http://www.bellfield-inf.bham.sch.uk/,Infants,-1.972680794,52.4166514,Bellfield Infant School (NC),Birmingham,Open,Maintained school,Community school,1,0,0,3,7,Mixed,Does not apply,Good
27,Benson Community School,Benson Road,B18 5TD,http://www.bensonschool.co.uk/,Primary,-1.9309448619999998,52.49793103,Benson Community School,Birmingham,Open,Maintained school,Community school,1,0,0,3,11,Mixed,Does not apply,Good
28,Billesley Primary School,Trittiford Road,B13 0ES,http://www.billesley.bham.sch.uk/,Primary,-1.867912065,52.42492378,Billesley Primary School,Birmingham,Open,Academy,Academy sponsor led,1,0,0,3,11,Mixed,None,Outstanding
29,Birches Green Infant School,Birches Green Road,B24 9SR,http://www.birchgni.bham.sch.uk/,Infants,-1.829397449,52.51652747,Birches Green Infant School,Birmingham,"Open, but proposed to close",Maintained school,Community school,1,0,0,3,7,Mixed,Does not apply,Good
30,Birches Green Junior School,Birches Green Road,B24 9SR,http://www.birchgnj.bham.sch.uk/,Juniors,-1.828732761,52.51692205,Birches Green Junior School,Birmingham,Closed,Maintained school,Community school,1,0,0,7,11,Mixed,Does not apply,Special Measures
31,Birches Green Junior School,Birches Green Road,B24 9SR,http://www.birchgnj.bham.sch.uk/,Juniors,-1.828732761,52.51692205,Birches Green Junior School,Birmingham,Open,Academy,Academy sponsor led,1,0,0,7,11,Mixed,Does not apply,
32,Birmingham Ormiston Academy,1 Grovesnor Street,B4 7QD,http://www.boa-academy.co.uk/,Secondary,-1.887431347,52.48323602,Birmingham Ormiston Academy,Birmingham,Open,Academy,Academy sponsor led,0,1,1,14,19,Mixed,Does not apply,Good
33,Bishop Challoner Catholic College,Institute Road,B14 7EG,http://www.bishopchalloner.org.uk/,Secondary,-1.8898327990000001,52.43302825,Bishop Challoner Catholic College,Birmingham,Open,Maintained school,Voluntary aided school,0,1,1,11,18,Mixed,Roman Catholic,Good
34,Bishop Vesey's Grammar School,Lichfield Road,B74 2NH,http://www.bvgs.co.uk/,Secondary,-1.822008986,52.56902643,Bishop Vesey's Grammar School,Sutton Coldfield,Open,Academy,Academy converter,0,1,1,11,18,Boys,None,Outstanding
35,Bishop Walsh Catholic School,Wylde Green Road,B76 1QT,http://bishopwalsh.net/welcome/,Secondary,-1.8113465119999999,52.54729948,Bishop Walsh Catholic School,Sutton Coldfield,Open,Academy,Academy converter,0,1,1,11,18,Mixed,Roman Catholic,Good
36,Blakesley Hall Primary School,Yardley Green Road,B33 8TH,http://www.blakesley.bham.sch.uk/,Primary,-1.8156731869999998,52.47530603,Blakesley Hall Primary School,Birmingham,Open,Maintained school,Community school,1,0,0,4,11,Mixed,Does not apply,Good
37,Boldmere Infant School and Nursery,Cofield Road,B73 5SD,http://www.boldmere-inf.bham.sch.uk/,Infants,-1.844639598,52.54445304,Boldmere Infant School and Nursery,Sutton Coldfield,Open,Maintained school,Community school,1,0,0,3,7,Mixed,Does not apply,Outstanding
38,Boldmere Junior School,Cofield Road,B73 5SD,http://www.bldmerej.bham.sch.uk/,Juniors,-1.843797949,52.54478456,Boldmere Junior School,Sutton Coldfield,Open,Maintained school,Community school,1,0,0,7,11,Mixed,Does not apply,Outstanding
39,Bordesley Green Girls' School & Sixth Form,Bordesley Green Road,B9 4TR,http://www.bordgrng.bham.sch.uk/,Secondary,-1.854168703,52.48096939,Bordesley Green Girls' School & Sixth Form,Birmingham,Open,Maintained school,Community school,0,1,1,11,18,Girls,Does not apply,Requires improvement
40,Bordesley Green Primary School,Marchmont Road,B9 5XX,http://www.bordsgrn.bham.sch.uk/,Primary,-1.838996237,52.47867532,Bordesley Green Primary School,Birmingham,Open,Maintained school,Community school,1,0,0,3,11,Mixed,Does not apply,Good
41,Bournville Infant School,Linden Road,B30 1JY,http://www.bournvilleinfantschool.org.uk/,Infants,-1.93655255,52.42907081,Bournville Infant School,Birmingham,Closed,Maintained school,Voluntary aided school,1,0,0,5,7,Mixed,None,Outstanding
42,Braidwood School for the Deaf,Bromford Road,B36 8AF,http://www.braidwood.bham.sch.uk/,Special,-1.819994226,52.50236631,Braidwood School for the Deaf,Birmingham,Open,Special school,Foundation special school,0,1,1,11,19,Mixed,Does not apply,Good
43,Brays School,Brays Road,B26 1NS,http://www.brays.bham.sch.uk/,Special,-1.794517955,52.45926006,Brays School,Birmingham,Open,Special school,Academy special converter,1,0,0,2,11,Mixed,Does not apply,Outstanding
44,Broadmeadow Infant School,Monyhull Hall Road,B30 3QJ,http://www.brdmedoi.bham.sch.uk/,Infants,-1.914413515,52.40865849,Broadmeadow Infant School,Birmingham,Open,Maintained school,Community school,1,0,0,3,7,Mixed,Does not apply,Good
45,Broadmeadow Junior School,Monyhull Hall Road,B30 3QJ,http://www.brdmedoj.bham.sch.uk/,Juniors,-1.915134214,52.40846128,Broadmeadow Junior School,Birmingham,Open,Maintained school,Community school,1,0,0,7,11,Mixed,Does not apply,Good
46,Broadway Academy,The Broadway,B20 3DP,http://www.broadway-school.co.uk/,Secondary,-1.8955865280000002,52.51303523,Broadway Academy,Birmingham,Open,Academy,Academy converter,0,1,1,11,18,Mixed,Does not apply,Good
47,Brookfields Primary School,2 Hingeston Street,B18 6PU,http://www.brookfields.bham.sch.uk/,Primary,-1.9182921880000001,52.48968815,Brookfields Primary School,Birmingham,Closed,Maintained school,Community school,1,0,0,3,11,Mixed,Does not apply,Serious Weaknesses
48,Brookfields Primary School,2 Hingeston Street,B18 6PU,http://www.brookfields.bham.sch.uk/,Primary,-1.9182921880000001,52.48968815,Brookfields Primary School,Birmingham,Open,Academy,Academy sponsor led,1,0,0,3,11,Mixed,Does not apply,
49,Brookvale Primary School,Mallard Drive,B23 7YB,http://www.brookvaleschool.co.uk/,Primary,-1.8712205219999998,52.52108416,Brookvale Primary School,Birmingham,Open,Academy,Academy converter,1,0,0,5,11,Mixed,Does not apply,Good
50,Brownmead Primary Academy,Pencroft Road,B34 6SS,http://learning.brownmead.academy/,Primary,-1.780870856,52.49868365,Brownmead Primary Academy,Birmingham,Open,Academy,Academy sponsor led,1,0,0,5,11,Mixed,Does not apply,Good
51,Calshot Primary School,Calshot Road,B42 2BY,http://www.calshot.bham.sch.uk/index.htm,Primary,-1.917487051,52.5424044,Calshot Primary School,Birmingham,Open,Maintained school,Community school,1,0,0,3,11,Mixed,Does not apply,Good
52,Canterbury Cross Primary School,Canterbury Road,B20 3AA,http://www.canterburycross.org.uk/,Primary,-1.8998172309999999,52.51223873,Canterbury Cross Primary School,Birmingham,Open,Academy,Academy converter,1,0,0,3,11,Mixed,Does not apply,Good
53,Chad Vale Primary School,Nursery Road,B15 3JU,http://www.chadvale.bham.sch.uk/,Primary,-1.945466009,52.46421719,Chad Vale Primary School,Birmingham,Open,Maintained school,Community school,1,0,0,4,11,Mixed,Does not apply,Good
54,Chandos Primary School,Vaughton Street South,B12 0YN,http://www.chandos.bham.sch.uk/,Primary,-1.8914398140000002,52.46750642,Chandos Primary School,Birmingham,Open,Academy,Academy sponsor led,1,0,0,3,11,Mixed,Does not apply,Good
55,Cherry Oak School,60 Frederick Road,B29 6PB,http://www.cherryoak.bham.sch.uk/,Special,-1.94244943,52.44090472,Cherry Oak School,Birmingham,Open,Special school,Community special school,1,0,0,3,11,Mixed,Does not apply,Requires improvement
56,Cherry Orchard Primary School,Cherry Orchard Road,B20 2LB,http://www.cherryorchard-bham.co.uk/,Primary,-1.9210950519999999,52.52016587,Cherry Orchard Primary School,Birmingham,Open,Maintained school,Community school,1,0,0,3,11,Mixed,Does not apply,Good
57,Chilcote Primary School,Chilcote Close,B28 0PB,http://www.chilcote.bham.sch.uk/,Primary,-1.843677482,52.41644364,Chilcote Primary School,Birmingham,Open,Maintained school,Community school,1,0,0,3,11,Mixed,Does not apply,Outstanding
58,Chilwell Croft Academy,Chilwell Croft,B19 2QH,http://www.chilwellcroft.com/,Primary,-1.8973217219999998,52.49549739,Chilwell Croft Academy,Birmingham,Open,Academy,Academy sponsor led,1,0,0,4,11,Mixed,Does not apply,Good
59,Chivenor Primary School,Farnborough Road,B35 7JA,http://www.chivenor.bham.sch.uk/,Primary,-1.7914267019999999,52.51551382,Chivenor Primary School,Birmingham,Open,Academy,Academy sponsor led,1,0,0,5,11,Mixed,Does not apply,Good
60,Christ Church CofE Controlled Primary School and Nursery,Claremont Road,B11 1LF,http://www.christch.bham.sch.uk/,Primary,-1.87434511,52.46402841,Christ Church CofE Controlled Primary School and Nursery,Birmingham,Open,Maintained school,Voluntary controlled school,1,0,0,3,11,Mixed,Church of England,Outstanding
61,Christ The King Catholic Primary School,Warren Farm Road,B44 0QN,http://www.christkng.bham.sch.uk/,Primary,-1.87674419,52.54328608,Christ The King Catholic Primary School,Birmingham,Open,Maintained school,Voluntary aided school,1,0,0,3,11,Mixed,Roman Catholic,Outstanding
62,City Road Primary School,Cavendish Road,B16 0HL,http://www.cityroad.bham.sch.uk/,Primary,-1.9447257390000001,52.48447659,City Road Primary School,Birmingham,Open,Academy,Academy sponsor led,1,0,0,3,11,Mixed,None,
63,Clifton Primary School,Brunswick Road,B12 8NX,http://www.cliftonprimary.bham.sch.uk/,Primary,-1.877598701,52.45630487,Clifton Primary School,Birmingham,Open,Maintained school,Community school,1,0,0,3,11,Mixed,Does not apply,Good
64,Cofton Primary School,Wootton Road,B31 4ST,http://www.cofton.bham.sch.uk/,Primary,-1.968185974,52.39004863,Cofton Primary School,Birmingham,Open,Maintained school,Foundation school,1,0,0,4,11,Mixed,Does not apply,Good
65,Colebourne Primary School,Stechford Road,B34 6BJ,http://www.hazwebs.co.uk/colebourne/,Primary,-1.807085803,52.49312847,Colebourne Primary School,Birmingham,Open,Maintained school,Community school,1,0,0,3,11,Mixed,Does not apply,Good
66,Colmers School and Sixth Form College,Bristol Road South,B45 9NY,http://www.colmers.org.uk/,Secondary,-2.003320103,52.39631887,Colmers School and Sixth Form College,Birmingham,Open,Maintained school,Foundation school,0,1,1,11,19,Mixed,None,Good
67,Colmore Infant and Nursery School,Colmore Road,B14 6AJ,http://www.colmoreinf.co.uk/,Infants,-1.900244216,52.42749058,Colmore Infant and Nursery School,Birmingham,Open,Maintained school,Community school,1,0,0,3,7,Mixed,Does not apply,Outstanding
68,Colmore Junior School,Colmore Road,B14 6AJ,http://www.colmorej.co.uk/,Juniors,-1.899993049,52.42799384,Colmore Junior School,Birmingham,Open,Maintained school,Community school,1,0,0,7,11,Mixed,Does not apply,Good
69,Conway Primary School,Conway Road,B11 1NS,http://www.conway.bham.sch.uk/,Primary,-1.8685142030000002,52.45984168,Conway Primary School,Birmingham,Open,Academy,Academy converter,1,0,0,3,11,Mixed,Does not apply,Good
70,Coppice Primary School,Trinity Road,B75 6TJ,http://www.coppice.bham.sch.uk/,Primary,-1.824663435,52.58045651,Coppice Primary School,Sutton Coldfield,Open,Maintained school,Foundation school,1,0,0,5,11,Mixed,Does not apply,Good
71,Corpus Christi Catholic Primary School,Lyttelton Road,B33 8BL,http://www.corpuschristi.bham.sch.uk/index.htm,Primary,-1.812558757,52.48065018,Corpus Christi Catholic Primary School,Birmingham,Open,Maintained school,Voluntary aided school,1,0,0,4,11,Mixed,Roman Catholic,Good
72,Cottesbrooke Infant and Nursery School,Yardley Road,B27 6LG,http://www.cottesbrooke-inf.bham.sch.uk/,Infants,-1.817371949,52.45255494,Cottesbrooke Infant and Nursery School,Birmingham,Open,Academy,Academy converter,1,0,0,3,7,Mixed,Does not apply,Good
73,Court Farm Primary School,Tedbury Crescent,B23 5NS,http://www.courtfrm.bham.sch.uk/,Primary,-1.85361097,52.5337755,Court Farm Primary School,Birmingham,Open,Maintained school,Community school,1,0,0,3,11,Mixed,Does not apply,Good
74,Deykin Avenue Junior and Infant School,Deykin Avenue,B6 7BU,http://www.deykinav.bham.sch.uk/,Primary,-1.87563195,52.51414867,Deykin Avenue Junior and Infant School,Birmingham,Open,Maintained school,Community school,1,0,0,4,11,Mixed,Does not apply,Requires improvement
75,Dorrington Academy,Dorrington Road,B42 1QR,http://www.dorringtonprimary.co.uk/,Primary,-1.9229055869999998,52.52984919,Dorrington Academy,Birmingham,Open,Academy,Academy converter,1,0,0,3,11,Mixed,Does not apply,Outstanding
76,Elms Farm Community Primary School,Dorncliffe Avenue,B33 0PJ,http://www.elmsfarm.bham.sch.uk/,Primary,-1.7732431469999999,52.46377914,Elms Farm Community Primary School,Birmingham,Open,Maintained school,Community school,1,0,0,3,11,Mixed,Does not apply,Good
77,English Martyrs' Catholic Primary School,Evelyn Road,B11 3JW,http://www.englishmartyrs.co.uk/,Primary,-1.8636846230000002,52.45102603,English Martyrs' Catholic Primary School,Birmingham,Open,Maintained school,Voluntary aided school,1,0,0,4,11,Mixed,Roman Catholic,Outstanding
78,Erdington Hall Primary School,Ryland Road,B24 8JJ,http://www.erdhall.bham.sch.uk/,Primary,-1.841262472,52.51179728,Erdington Hall Primary School,Birmingham,Open,Academy,Academy sponsor led,1,0,0,3,11,Mixed,None,Good
79,Fairfax,Fairfax Road,B75 7JT,http://www.fairfax.bham.sch.uk/,Secondary,-1.79769983,52.56144499,Fairfax,Sutton Coldfield,Open,Academy,Academy converter,0,1,1,11,18,Mixed,None,Good
80,Featherstone Primary School,Glenville Drive,B23 6PR,http://www.featherstoneprimaryschool.co.uk/,Primary,-1.8506459780000002,52.52559999,Featherstone Primary School,Birmingham,Open,Maintained school,Community school,1,0,0,4,11,Mixed,Does not apply,Good
81,Firs Primary School,Dreghorn Road,B36 8LL,http://www.firs.bham.sch.uk/,Primary,-1.803003521,52.50424318,Firs Primary School,Birmingham,Open,Academy,Academy converter,1,0,0,3,11,Mixed,Does not apply,Requires improvement
82,Forestdale Primary School,Wareham Road,B45 0JS,http://www.forestdale.bham.sch.uk/,Primary,-2.004953377,52.40754312,Forestdale Primary School,Birmingham,Open,Maintained school,Community school,1,0,0,3,11,Mixed,Does not apply,Requires improvement
83,Four Dwellings Academy,Dwellings Lane,B32 1RJ,http://www.fourdwellingsacademy.org/,Secondary,-2.003633981,52.45506876,Four Dwellings Academy,Birmingham,Open,Academy,Academy sponsor led,0,1,0,11,16,Mixed,None,Good
84,Four Dwellings Primary Academy,Quinton Road West,B32 1PJ,http://www.fdwellp.bham.sch.uk/,Primary,-2.000755604,52.45484585,Four Dwellings Primary Academy,Birmingham,Open,Academy,Academy sponsor led,1,0,0,3,11,Mixed,Does not apply,Requires improvement
85,Four Oaks Primary School,Edge Hill Road,B74 4PA,http://www.fouroaksprimary.bham.sch.uk/,Primary,-1.8521949480000002,52.595560899999995,Four Oaks Primary School,Sutton Coldfield,Open,Maintained school,Foundation school,1,0,0,4,11,Mixed,Does not apply,Outstanding
86,Fox Hollies School and Performing Arts College,Highbury Community Campus,B13 8QB,http://www.foxhollies.bham.sch.uk/,Special,-1.8930939880000002,52.44084358,Fox Hollies School and Performing Arts College,Birmingham,Open,Special school,Foundation special school,0,1,1,11,19,Mixed,Does not apply,Outstanding
87,George Dixon Academy,Portland Road,B16 9GD,http://www.georgedixonacademy.com/,Secondary,-1.9565372030000001,52.47665491,George Dixon Academy,Birmingham,Open,Academy,Academy converter,0,1,1,11,18,Mixed,None,Good
88,George Dixon Primary School,City Road,B17 8LE,http://www.georgedixonprimary.bham.sch.uk/,Primary,-1.957273539,52.4764304,George Dixon Primary School,Birmingham,Open,Maintained school,Community school,1,0,0,4,11,Mixed,Does not apply,Requires improvement
89,Gilbertstone Primary School,Clay Lane,B26 1EH,http://www.gilbertstoneprimary.com/,Primary,-1.809063871,52.45461857,Gilbertstone Primary School,Birmingham,Open,Maintained school,Community school,1,0,0,3,11,Mixed,Does not apply,Good
90,Glenmead Primary School,Glenmead Road,B44 8UQ,https://glenmead-bham.frogprimary.com/,Primary,-1.9000112340000002,52.54123863,Glenmead Primary School,Birmingham,Open,Maintained school,Community school,1,0,0,4,11,Mixed,Does not apply,Requires improvement
91,Green Meadow Primary School,Green Meadow Road,B29 4EE,http://www.greenmeadowprimaryschool.com/,Primary,-1.9723997919999998,52.42882837,Green Meadow Primary School,Birmingham,Open,Academy,Academy converter,1,0,0,4,11,Mixed,Does not apply,Requires improvement
92,Greenholm Primary School,Greenholm Road,B44 8HS,http://web.grnholm.bham.sch.uk/site/,Primary,-1.8924348690000001,52.53654998,Greenholm Primary School,Birmingham,Open,Academy,Academy converter,1,0,0,4,11,Mixed,Does not apply,Good
93,Greenwood Academy,Farnborough Road,B35 7NL,https://sites.google.com/a/aetinet.org/greenwood-academy/home,Secondary,-1.782252636,52.52017209,Greenwood Academy,Birmingham,Open,Academy,Academy sponsor led,0,1,1,11,18,Mixed,Does not apply,Good
94,Greet Primary School,Percy Road,B11 3ND,http://www.greet.bham.sch.uk/,Primary,-1.8577918340000001,52.45320368,Greet Primary School,Birmingham,Open,Academy,Academy converter,1,0,0,3,11,Mixed,Does not apply,
95,Grestone Academy,Grestone Avenue,B20 1ND,http://www.grestoneschool.co.uk/,Primary,-1.937937012,52.52228851,Grestone Academy,Birmingham,Open,Academy,Academy sponsor led,1,0,0,4,11,Mixed,Does not apply,Requires improvement
96,Grove School,Dawson Road,B21 9HB,http://web.grove.bham.sch.uk/,Primary,-1.9334668240000001,52.50566375,Grove School,Birmingham,Open,Maintained school,Community school,1,0,0,3,11,Mixed,Does not apply,Good
97,Guardian Angels Catholic Primary School,Hurst Lane,B34 7HN,http://www.grdangel.bham.sch.uk/,Primary,-1.764234927,52.49694358,Guardian Angels Catholic Primary School,Birmingham,Closed,Maintained school,Voluntary aided school,1,0,0,4,11,Mixed,Roman Catholic,Good
98,Guardian Angels Catholic Primary School,Hurst Lane,B34 7HN,http://www.grdangel.bham.sch.uk/,Primary,-1.764234927,52.49694358,Guardian Angels Catholic Primary School,Birmingham,Open,Academy,Academy converter,1,0,0,4,11,Mixed,Roman Catholic,
99,Gunter Primary School,Gunter Road,B24 0RU,http://www.gunterprimary.org/,Primary,-1.8084520219999998,52.52108037,Gunter Primary School,Birmingham,Open,Maintained school,Community school,1,0,0,4,11,Mixed,Does not apply,Good
100,Hall Green Infant School,Petersfield Road,B28 0AR,http://www.hallgreeninfant.co.uk/,Infants,-1.8454493459999999,52.43113572,Hall Green Infant School,Birmingham,Open,Maintained school,Community school,1,0,0,3,7,Mixed,Does not apply,Good
101,Hall Green Junior School,Stratford Road,B28 9AJ,http://www.hallgrnj.bham.sch.uk/,Juniors,-1.844361392,52.43101746,Hall Green Junior School,Birmingham,Open,Maintained school,Community school,1,0,0,7,11,Mixed,Does not apply,Good
102,Hall Green School,Southam Road,B28 0AA,http://www.hallgreen.bham.sch.uk/,Secondary,-1.8489437180000001,52.43292928,Hall Green School,Birmingham,Open,Academy,Academy converter,0,1,0,11,16,Mixed,None,Good
103,Hallmoor School,Scholars Gate,B33 0DL,http://www.hallmoor.bham.sch.uk/,Special,-1.780264604,52.48110716,Hallmoor School,Birmingham,Open,Special school,Academy special sponsor led,1,1,1,4,19,Mixed,Does not apply,Requires improvement
104,Hamilton School,Hamilton Road,B21 8AH,http://www.hamilton.bham.sch.uk,Special,-1.9439402,52.5069457,Hamilton School,Birmingham,Open,Special school,Foundation special school,1,0,0,4,11,Mixed,Does not apply,Outstanding
105,Hamstead Hall Academy,Craythorne Avenue,B20 1HL,http://www.hamsteadhall.com,Secondary,-1.94211219,52.53031862,Hamstead Hall Academy,Birmingham,Open,Academy,Academy converter,0,1,1,11,18,Mixed,None,Good
106,Harborne Academy,Harborne Road,B15 3JL,http://www.harborneacademy.co.uk/,Secondary,-1.9382423219999998,52.46185833,Harborne Academy,Birmingham,Open,Academy,Academy sponsor led,0,1,1,11,16,Mixed,Does not apply,Good
107,Harborne Primary School,Station Road,B17 9LU,http://www.harborne.bham.sch.uk,Primary,-1.9529633430000002,52.45907815,Harborne Primary School,Birmingham,Open,Maintained school,Community school,1,0,0,4,11,Mixed,Does not apply,Outstanding
108,Hawkesley Church Primary Academy,376 Shannon Road,B38 9TR,http://www.hawkesley.bham.sch.uk/,Primary,-1.9378668769999998,52.39362368,Hawkesley Church Primary Academy,Birmingham,Open,Academy,Academy sponsor led,1,0,0,3,11,Mixed,Church of England/Methodist,Good
109,Hawthorn Primary School,Hawthorn Road,B44 8QR,http://hawthornprimaryschool.co.uk/,Primary,-1.877148367,52.53579792,Hawthorn Primary School,Birmingham,Open,Maintained school,Community school,1,0,0,3,11,Mixed,Does not apply,Requires improvement
110,Heartlands Academy,Gt Francis Street,B7 4QR,http://www.heartlands-academy.org.uk/,Secondary,-1.874864485,52.48858054,Heartlands Academy,Birmingham,Open,Academy,Academy sponsor led,0,1,1,11,18,Mixed,Does not apply,Outstanding
111,Heath Mount Primary School,Mary Street,B12 9ST,http://www.heathmount.bham.sch.uk/,Primary,-1.889912302,52.46023213,Heath Mount Primary School,BIRMINGHAM,Open,Maintained school,Community school,1,0,0,4,11,Mixed,Does not apply,Requires improvement
112,Heathfield Primary School,Heathfield Road,B19 1HJ,http://www.heathfld.bham.sch.uk/,Primary,-1.908965964,52.50589924,Heathfield Primary School,Birmingham,Open,Academy,Academy converter,1,0,0,3,11,Mixed,Does not apply,Good
113,Heathlands Primary Academy,Heath Way,B34 6NB,http://www.heathlnd.bham.sch.uk/,Primary,-1.795742295,52.50004071,Heathlands Primary Academy,Birmingham,Open,Academy,Academy converter,1,0,0,3,11,Mixed,Does not apply,Requires improvement
114,Highfield Junior and Infant School,Highfield Road,B8 3QF,http://web.hifield.bham.sch.uk/page/default.asp?title=Home&pid=1,Primary,-1.849091482,52.49312638,Highfield Junior and Infant School,Birmingham,Open,Academy,Academy sponsor led,1,0,0,4,11,Mixed,Does not apply,Good
115,Highters Heath Community School,Highters Heath Lane,B14 4LY,http://www.hightersheath.co.uk/,Primary,-1.871933773,52.41230618,Highters Heath Community School,Birmingham,Open,Maintained school,Community school,1,0,0,4,11,Mixed,Does not apply,Requires improvement
116,Hill West Primary School,Clarence Road,B74 4LD,http://www.hillwest.bham.sch.uk/,Primary,-1.843174902,52.59554933,Hill West Primary School,Sutton Coldfield,Open,Academy,Academy converter,1,0,0,4,11,Mixed,Does not apply,Good
117,Hillstone Primary School,Hillstone Road,B34 7PY,http://www.hillstone.org.uk/,Primary,-1.766124909,52.49329737,Hillstone Primary School,Birmingham,Open,Academy,Academy converter,1,0,0,2,11,Mixed,Does not apply,Good
118,Hodge Hill College,Bromford Road,B36 8HB,http://www.hodgehill.bham.sch.uk/,Secondary,-1.8205279630000002,52.50158216,Hodge Hill College,Birmingham,Open,Maintained school,Community school,0,1,0,11,16,Mixed,Does not apply,Good
119,Hodge Hill Girls' School,Bromford Road,B36 8EY,http://www.hodgehgs.bham.sch.uk/,Secondary,-1.817798574,52.50259384,Hodge Hill Girls' School,Birmingham,Open,Maintained school,Community school,0,1,0,11,16,Girls,Does not apply,Good
120,Hodge Hill Primary School,Twycross Grove,B36 8LD,http://www.hodgehillprimary.bham.sch.uk/,Primary,-1.816048388,52.50189893,Hodge Hill Primary School,Birmingham,Open,Academy,Academy converter,1,0,0,4,11,Mixed,Does not apply,Requires improvement
121,Holland House Infant School and Nursery,Holland Road,B72 1RE,http://www.hollandh.bham.sch.uk/,Infants,-1.821595619,52.55815715,Holland House Infant School and Nursery,Sutton Coldfield,Open,Maintained school,Community school,1,0,0,3,7,Mixed,Does not apply,Outstanding
122,Holly Hill Methodist CofE Infant School,New Street,B45 0EU,http://www.hollyhill.bham.sch.uk/,Infants,-2.01696154,52.40461546,Holly Hill Methodist CofE Infant School,Birmingham,Open,Maintained school,Voluntary aided school,1,0,0,3,7,Mixed,Church of England/Methodist,Good
123,Hollyfield Primary School,Hollyfield Road,B75 7SG,http://www.hollyfield.bham.sch.uk/,Primary,-1.8011939540000002,52.56189146,Hollyfield Primary School,Sutton Coldfield,Open,Maintained school,Foundation school,1,0,0,4,11,Mixed,Does not apply,Good
124,Hollywood Primary School,Pickenham Road,B14 4TG,http://www.hollywoodprimaryschool.co.uk/,Primary,-1.879280386,52.40304517,Hollywood Primary School,Birmingham,Open,Maintained school,Community school,1,0,0,4,11,Mixed,Does not apply,Good
125,Holte School,Wheeler Street,B19 2EP,http://www.holte.bham.sch.uk/,Secondary,-1.9002416290000002,52.50048929999999,Holte School,Birmingham,Open,Maintained school,Community school,0,1,1,11,18,Mixed,Does not apply,Requires improvement
126,Holy Cross Catholic Primary School,Laburnum Drive,B76 2SP,http://www.holycros.bham.sch.uk/,Primary,-1.7930485090000001,52.55615989999999,Holy Cross Catholic Primary School,Sutton Coldfield,Open,Academy,Academy converter,1,0,0,4,11,Mixed,Roman Catholic,Good
127,Holy Family Catholic Primary School,Coventry Road,B10 0HT,http://www.holyfam.bham.sch.uk/,Primary,-1.8460061419999998,52.46555925,Holy Family Catholic Primary School,Birmingham,Open,Maintained school,Voluntary aided school,1,0,0,3,11,Mixed,Roman Catholic,Good
128,Holy Souls Catholic Primary School,Mallard Close,B27 6BN,http://www.holysoul.bham.sch.uk/page/default.asp?title=Home&pid=1,Primary,-1.8189089369999998,52.44736112,Holy Souls Catholic Primary School,Birmingham,Closed,Maintained school,Voluntary aided school,1,0,0,4,11,Mixed,Roman Catholic,Serious Weaknesses
129,Holy Souls Catholic Primary School,Mallard Close,B27 6BN,http://www.holysoul.bham.sch.uk/page/default.asp?title=Home&pid=1,Primary,-1.8189089369999998,52.44736112,Holy Souls Catholic Primary School,Birmingham,Open,Academy,Academy sponsor led,1,0,0,4,11,Mixed,Roman Catholic,
130,Holy Trinity CE Primary Academy (Handsworth),Havelock Road,B20 3LP,http://www.htcepa.bham.sch.uk/,Primary,-1.906843277,52.51343114,Holy Trinity CE Primary Academy (Handsworth),Birmingham,Open,Academy,Academy converter,1,0,0,4,11,Mixed,Church of England,Requires improvement
131,Holyhead School,Milestone Lane,B21 0HN,http://www.holyheadschool.org.uk/,Secondary,-1.94663839,52.50524789,Holyhead School,Birmingham,Open,Academy,Academy converter,0,1,1,11,18,Mixed,None,Good
132,James Brindley School,Bell Barn Road,B15 2AF,http://www.jamesbrindley.bham.sch.uk/,Special,-1.906685718,52.46938032,James Brindley School,Birmingham,Open,Special school,Academy special converter,1,1,1,2,19,Mixed,Does not apply,Good
133,James Watt Primary School,Boulton Road,B21 0RE,http://www.jameswattp.bham.sch.uk/,Primary,-1.9392792580000002,52.49998523,James Watt Primary School,Birmingham,Open,Maintained school,Community school,1,0,0,3,11,Mixed,Does not apply,Good
134,Jervoise School,Jervoise Road,B29 5QU,http://www.jervoise.bham.sch.uk/,Primary,-1.968900246,52.44044703,Jervoise School,Birmingham,Open,Academy,Academy converter,1,0,0,3,11,Mixed,Does not apply,Good
135,John Willmott School,Reddicap Heath Road,B75 7DY,http://www.jws.bham.sch.uk/,Secondary,-1.79558003,52.56049742,John Willmott School,Sutton Coldfield,Closed,Maintained school,Community school,0,1,1,11,18,Mixed,Does not apply,Requires improvement
136,John Willmott School,Reddicap Heath Road,B75 7DY,http://www.jws.bham.sch.uk/,Secondary,-1.79558003,52.56049742,John Willmott School,Sutton Coldfield,Open,Academy,Academy sponsor led,0,1,1,11,18,Mixed,Does not apply,
137,King Edward VI Aston School,Frederick Road,B6 6DJ,http://web.keaston.bham.sch.uk/,Secondary,-1.885649753,52.50366755,King Edward VI Aston School,Birmingham,Open,Academy,Academy converter,0,1,1,11,18,Boys,Christian,
138,King Edward VI Camp Hill School for Boys,Vicarage Road,B14 7QJ,http://www.camphillboys.bham.sch.uk/,Secondary,-1.903237165,52.43078346,King Edward VI Camp Hill School for Boys,Birmingham,Open,Academy,Academy converter,0,1,1,11,18,Boys,Christian,
139,King Edward VI Camp Hill School for Girls,Vicarage Road,B14 7QJ,http://www.kechg.org.uk/,Secondary,-1.9022952080000002,52.43109734,King Edward VI Camp Hill School for Girls,Birmingham,Open,Academy,Academy converter,0,1,1,11,18,Girls,Christian,Outstanding
140,King Edward VI Five Ways School,Scotland Lane,B32 4BT,http://fwgs.kefw.org/,Secondary,-1.999322494,52.43210835,King Edward VI Five Ways School,Birmingham,Open,Academy,Academy converter,0,1,1,11,18,Mixed,Christian,
141,King Edward VI Handsworth School,Rose Hill Road,B21 9AR,http://www.kingedwardvi.bham.sch.uk/,Secondary,-1.92333607,52.50258307,King Edward VI Handsworth School,Birmingham,Open,Academy,Academy converter,0,1,1,11,18,Girls,Christian,Outstanding
142,King Edward VI Sheldon Heath Academy,Sheldon Heath Road,B26 2RZ,http://www.keshacademy.com/,Secondary,-1.77862062,52.46861699,King Edward VI Sheldon Heath Academy,Birmingham,Open,Academy,Academy sponsor led,0,1,1,11,18,Mixed,Does not apply,Good
143,King Solomon International Business School,Faraday Wharf,B7 4BB,http://kingsolomonibs.com/,All Through,-1.887234904,52.48866484,King Solomon International Business School,Birmingham,Closed,Academy,Free schools,1,1,1,4,19,Mixed,Christian,Special Measures
144,King Solomon International Business School,Faraday Wharf,B7 4BB,http://kingsolomonibs.com/,All Through,-1.887234904,52.48866484,King Solomon International Business School,Birmingham,Open,Academy,Free schools,1,1,1,4,19,Mixed,,
145,King's Norton Boys' School,Northfield Road,B30 1DY,http://www.kingsnortonboys.bham.sch.uk/,Secondary,-1.941583325,52.41716157,King's Norton Boys' School,Birmingham,Open,Maintained school,Foundation school,0,1,0,11,16,Boys,None,Good
146,Kings Heath Boys,Hollybank Road,B13 0RJ,http://www.kingsheathboys.co.uk/,Secondary,-1.880371929,52.423399700000004,Kings Heath Boys,Birmingham,Open,Maintained school,Community school,0,1,0,11,16,Boys,Does not apply,Good
147,Kings Heath Primary School,Valentine Road,B14 7AJ,http://www.kingsheathprimary.com/,Primary,-1.889763761,52.43713662,Kings Heath Primary School,Birmingham,Open,Maintained school,Community school,1,0,0,3,11,Mixed,Does not apply,Good
148,Kings Norton Girls' School,Selly Oak Road,B30 1HW,http://www.kngs.co.uk/,Secondary,-1.9352652019999999,52.42077999,Kings Norton Girls' School,Birmingham,Open,Academy,Academy converter,0,1,1,11,18,Girls,None,Outstanding
149,Kings Norton Junior and Infant School,Pershore Road South,B30 3EU,http://www.kngnrtn.bham.sch.uk/,Primary,-1.927582926,52.40814589,Kings Norton Junior and Infant School,Birmingham,"Open, but proposed to close",Maintained school,Community school,1,0,0,5,11,Mixed,Does not apply,Special Measures
150,Kings Rise Academy,Hornsey Road,B44 0JL,http://www.kingrise.bham.sch.uk/,Primary,-1.87556183,52.54950585,Kings Rise Academy,Birmingham,Open,Academy,Academy sponsor led,1,0,0,3,11,Mixed,None,Requires improvement
151,Kingsland Primary School (NC),Kingsland Road,B44 9PU,www.kingsland.bham.sch.uk/,Primary,-1.887678279,52.55759084,Kingsland Primary School (NC),Birmingham,Open,Maintained school,Community school,1,0,0,3,11,Mixed,Does not apply,Good
152,Kingsthorne Primary School,Cranbourne Road,B44 0BX,http://www.kingsthorneprimary.co.uk/,Primary,-1.882447912,52.54428972,Kingsthorne Primary School,Birmingham,Open,Maintained school,Community school,1,0,0,3,11,Mixed,Does not apply,Good
153,Ladypool Primary School,Stratford Road,B11 1QT,http://www.ladypool.bham.sch.uk/,Primary,-1.87423552,52.46116948,Ladypool Primary School,Birmingham,Open,Maintained school,Community school,1,0,0,3,11,Mixed,Does not apply,Good
154,Lakey Lane Junior and Infant School,Lakey Lane,B28 8RY,http://www.lakeyln.bham.sch.uk/,Primary,-1.8309165180000002,52.43153838,Lakey Lane Junior and Infant School,Birmingham,Open,Maintained school,Community school,1,0,0,3,11,Mixed,Does not apply,Good
155,Langley School,Trinity Road,B75 6TJ,http://www.langley.bham.sch.uk/,Special,-1.8255111240000002,52.58009953,Langley School,Sutton Coldfield,Open,Special school,Foundation special school,1,0,0,3,11,Mixed,Does not apply,Good
156,Lea Forest Primary Academy,Hurstcroft Road,B33 9RD,http://leaforestacademy.org/,Primary,-1.786175485,52.48314966,Lea Forest Primary Academy,Birmingham,Open,Academy,Academy sponsor led,1,0,0,3,11,Mixed,Does not apply,Good
157,Leigh Primary School,Leigh Road,B8 2YH,http://www.leighji.bham.sch.uk/,Primary,-1.84724953,52.49761905,Leigh Primary School,Birmingham,Open,Academy,Academy converter,1,0,0,3,11,Mixed,Does not apply,Good
158,Lindsworth School,Monyhull Hall Road,B30 3QA,http://www.lindsworth.co.uk,Special,-1.905883803,52.41032424,Lindsworth School,Birmingham,Open,Special school,Community special school,1,1,0,9,16,Mixed,Does not apply,Good
159,Little Sutton Primary School,Worcester Lane,B75 5NL,http://www.littlesu.bham.sch.uk/,Primary,-1.8120508919999998,52.59304089,Little Sutton Primary School,Sutton Coldfield,Open,Maintained school,Foundation school,1,0,0,4,11,Mixed,Does not apply,Outstanding
160,Longwill A Primary School for Deaf Children,Bell Hill,B31 1LD,http://www.longwill.bham.sch.uk/,Special,-1.9712089259999999,52.41917726,Longwill A Primary School for Deaf Children,Birmingham,Open,Special school,Foundation special school,1,0,0,2,12,Mixed,Does not apply,Good
161,Lordswood Boys' School,Hagley Road,B17 8BJ,http://www.lordswoodboys.co.uk/,Secondary,-1.965065321,52.47204583,Lordswood Boys' School,Birmingham,Open,Academy,Academy converter,0,1,0,11,16,Boys,None,
162,Lordswood Girls' School and Sixth Form Centre,Knightlow Road,B17 8QB,http://www.lordswoodgirls.co.uk/,Secondary,-1.9649937519999998,52.46951964,Lordswood Girls' School and Sixth Form Centre,Birmingham,Open,Academy,Academy converter,0,1,1,11,18,Girls,None,
163,Lozells Junior and Infant School and Nursery,Wheeler Street,B19 2EP,http://www.lozells.bham.sch.uk/,Primary,-1.900317096,52.49966226,Lozells Junior and Infant School and Nursery,Birmingham,Open,Maintained school,Community school,1,0,0,3,11,Mixed,Does not apply,Good
164,Lyndon Green Infant School,Wychwood Cresent,B26 1LZ,http://www.lyndongi.bham.sch.uk/,Infants,-1.794753364,52.46022689,Lyndon Green Infant School,Birmingham,Open,Maintained school,Community school,1,0,0,5,7,Mixed,Does not apply,Good
165,Lyndon Green Junior School,Wensley Road,B26 1LU,http://web.lyndongreen-jun.bham.sch.uk/,Juniors,-1.795704091,52.46054767,Lyndon Green Junior School,Birmingham,Open,Maintained school,Community school,1,0,0,7,11,Mixed,Does not apply,Requires improvement
166,Maney Hill Primary School,Maney Hill Road,B72 1JU,http://www.maneyhill.bham.sch.uk/,Primary,-1.8161103669999998,52.55066021,Maney Hill Primary School,Sutton Coldfield,Open,Maintained school,Community school,1,0,0,4,11,Mixed,Does not apply,Good
167,Mansfield Green E-ACT Academy,Albert Road,B6 5NH,http://www.manfldgn.bham.sch.uk/,Primary,-1.897648925,52.50366772,Mansfield Green E-ACT Academy,Birmingham,Open,Academy,Academy sponsor led,1,0,0,3,11,Mixed,Does not apply,Outstanding
168,Mapledene Primary School,Mapledene Road,B26 3XE,http://www.mapledene.bham.sch.uk/,Primary,-1.7662453359999999,52.45942344,Mapledene Primary School,Birmingham,Open,Maintained school,Community school,1,0,0,4,11,Mixed,Does not apply,Good
169,Marlborough Infant School,Marlborough Road,B10 9NY,http://www.malbrghi.bham.sch.uk/,Infants,-1.849361078,52.47381912,Marlborough Infant School,Birmingham,Closed,Maintained school,Community school,1,0,0,3,7,Mixed,Does not apply,Requires improvement
170,Marlborough Junior School,Green Lane,B10 9NY,http://www.mjs.bham.sch.uk/,Juniors,-1.849374904,52.47414313,Marlborough Junior School,Birmingham,Closed,Maintained school,Community school,1,0,0,7,11,Mixed,Does not apply,Requires improvement
171,Marlborough Junior School,Green Lane,B10 9NY,http://www.mjs.bham.sch.uk/,Juniors,-1.849374904,52.47414313,Marlborough Junior School,Birmingham,Closed,Academy,Academy converter,1,0,0,7,11,Mixed,Does not apply,
172,Marsh Hill Primary School,Marsh Hill,B23 7HY,http://www.marshill.bham.sch.uk/,Primary,-1.8678922869999999,52.52517091,Marsh Hill Primary School,Birmingham,Open,Maintained school,Community school,1,0,0,4,11,Mixed,Does not apply,Good
173,Maryvale Catholic Primary School,Old Oscott Hill,B44 9AG,http://www.maryvaleprimary.org.uk/,Primary,-1.892097379,52.54795779,Maryvale Catholic Primary School,Birmingham,Open,Maintained school,Voluntary aided school,1,0,0,3,11,Mixed,Roman Catholic,Good
174,Mayfield School,Heathfield Road,B19 1HJ,http://www.mayfield.bham.sch.uk/,Special,-1.909984036,52.50511784,Mayfield School,Birmingham,Closed,Special school,Community special school,1,1,1,3,19,Mixed,Does not apply,Serious Weaknesses
175,Mayfield School,Heathfield Road,B19 1HJ,http://www.mayfield.bham.sch.uk/,Special,-1.909984036,52.50511784,Mayfield School,Birmingham,Open,Special school,Academy special sponsor led,1,1,1,3,19,Mixed,Does not apply,
176,Mere Green Primary School,Mere Green Road,B75 5BL,http://www.meregrn.bham.sch.uk/,Primary,-1.828115194,52.58840852,Mere Green Primary School,Sutton Coldfield,Open,Academy,Academy converter,1,0,0,3,11,Mixed,Does not apply,Outstanding
177,Merritts Brook Primary E-ACT Academy,Trescott Road,B31 5QD,http://merrittsbrooke-actacademy.org.uk/,Primary,-1.992028049,52.41090413,Merritts Brook Primary E-ACT Academy,Birmingham,Open,Academy,Academy sponsor led,1,0,0,3,11,Mixed,Does not apply,Good
178,Minworth Junior and Infant School,Water Orton Lane,B76 9BU,http://www.minworth.bham.sch.uk/,Primary,-1.768594859,52.52785052,Minworth Junior and Infant School,SUTTON COLDFIELD,Open,Maintained school,Community school,1,0,0,4,11,Mixed,Does not apply,Good
179,Montgomery Primary Academy,White Road,B11 1EH,http://www.montgomeryprimaryacademy.org/,Primary,-1.865647876,52.46352438,Montgomery Primary Academy,Birmingham,Open,Academy,Academy sponsor led,1,0,0,3,11,Mixed,None,Good
180,Moor Hall Primary School,Rowallan Road,B75 6RE,http://www.moorhall.bham.sch.uk/,Primary,-1.814916328,52.58642891,Moor Hall Primary School,Sutton Coldfield,Open,Maintained school,Foundation school,1,0,0,5,11,Mixed,Does not apply,Outstanding
181,Moseley Church of England Primary School,Oxford Road,B13 9EH,http://www.moseleyce.bham.sch.uk/,Primary,-1.88437922,52.44305593,Moseley Church of England Primary School,Birmingham,Open,Maintained school,Voluntary aided school,1,0,0,4,11,Mixed,Church of England,Outstanding
182,Nansen Primary School,Naseby Road,B8 3HG,http://www.nansen.bham.sch.uk/,Primary,-1.844708302,52.49143963,Nansen Primary School,Birmingham,Open,Academy,Academy sponsor led,1,0,0,3,11,Mixed,None,Special Measures
183,Nechells Primary E-ACT Academy,Eliot Street,B7 5LB,http://www.nechellse-actacademy.org.uk/,Primary,-1.86321176,52.50402136,Nechells Primary E-ACT Academy,Birmingham,Open,Academy,Academy sponsor led,1,0,0,3,11,Mixed,Does not apply,Good
184,Nelson Junior and Infant School,King Edward's Road,B1 2PJ,http://www.nelson.bham.sch.uk/,Primary,-1.916688433,52.4810747,Nelson Junior and Infant School,Birmingham,Open,Maintained school,Community school,1,0,0,3,11,Mixed,Does not apply,Good
185,Nelson Mandela School,Colville Road,B12 8EH,http://www.nelsonmandelaschool.co.uk/home,Primary,-1.874558051,52.45642312,Nelson Mandela School,Birmingham,Open,Maintained school,Community school,1,0,0,3,11,Mixed,Does not apply,Outstanding
186,New Oscott Primary School,Markham Road,B73 6QR,http://www.newoscott.bham.sch.uk/,Primary,-1.863893773,52.55521955,New Oscott Primary School,Sutton Coldfield,Open,Maintained school,Community school,1,0,0,3,11,Mixed,Does not apply,Good
187,Nishkam High School,Great King Street North,B19 2LF,http://www.nishkamschooltrust.org/,Secondary,-1.9074108419999998,52.495703500000005,Nishkam High School,Birmingham,Open,Academy,Free schools,0,1,1,11,19,Mixed,Sikh,Outstanding
188,Nishkam Primary School Birmingham,1-7 Soho Road,B21 9SN,http://www.nishkamschooltrust.org/overview-primary/,Primary,-1.9241786680000001,52.50094746,Nishkam Primary School Birmingham,Birmingham,Open,Academy,Free schools,1,0,0,4,11,Mixed,Sikh,Outstanding
189,Nonsuch Primary School,Wood Leasow,B32 3SE,http://www.nonsuchprimaryschool.co.uk/,Primary,-1.992893225,52.44426269,Nonsuch Primary School,Birmingham,Open,Academy,Academy converter,1,0,0,3,11,Mixed,Does not apply,Good
190,North Birmingham Academy,395 College Road,B44 0HF,http://www.nbacademy.org.uk/,Secondary,-1.874650497,52.53388497,North Birmingham Academy,Birmingham,Open,Academy,Academy sponsor led,0,1,1,11,19,Mixed,Does not apply,Good
191,Northfield Manor Primary Academy,Swarthmore Road,B29 4JT,http://www.nthfdman.bham.sch.uk/,Primary,-1.9620394730000001,52.4296211,Northfield Manor Primary Academy,Birmingham,Open,Academy,Academy converter,1,0,0,4,11,Mixed,Does not apply,Good
192,Oasis Academy Blakenhale Infants,Blakenhale Road,B33 0XD,http://www.oasisacademyblakenhaleinfants.org/,Infants,-1.782376416,52.47416172,Oasis Academy Blakenhale Infants,Birmingham,Open,Academy,Academy sponsor led,1,0,0,3,7,Mixed,Does not apply,Good
193,Oasis Academy Blakenhale Junior,Homestead Road,B33 0XG,http://www.oasisacademyblakenhalejunior.org/,Juniors,-1.7828071230000002,52.47338942,Oasis Academy Blakenhale Junior,Birmingham,Open,Academy,Academy sponsor led,1,0,0,7,11,Mixed,Does not apply,Good
194,Oasis Academy Boulton,Boulton Road,B21 0RE,http://www.oasisacademyboulton.org/,Primary,-1.9385112740000001,52.50148617,Oasis Academy Boulton,Birmingham,Open,Academy,Academy sponsor led,1,0,0,3,11,Mixed,Does not apply,Good
195,Oasis Academy Foundry,Foundry Road,B18 4LP,http://www.foundry.bham.sch.uk/,Primary,-1.9415406240000002,52.49429575,Oasis Academy Foundry,Birmingham,Open,Academy,Academy sponsor led,1,0,0,3,11,Mixed,Does not apply,Good
196,Oasis Academy Hobmoor,Wash Lane,B25 8FD,http://www.oasisacademyhobmoor.org/,Primary,-1.819637041,52.4672355,Oasis Academy Hobmoor,Birmingham,Open,Academy,Academy sponsor led,1,0,0,3,11,Mixed,Does not apply,Good
197,Oasis Academy Short Heath,Streetly Road,B23 5JP,http://www.oasisacademyshortheath.org/,Primary,-1.858607388,52.53411418,Oasis Academy Short Heath,Birmingham,Open,Academy,Academy sponsor led,1,0,0,3,11,Mixed,Does not apply,Good
198,Oasis Academy Woodview,Woodview Drive,B15 2HU,http://www.oasisacademywoodview.org/,Primary,-1.905836751,52.46714116,Oasis Academy Woodview,Birmingham,Open,Academy,Academy sponsor led,1,0,0,4,11,Mixed,Does not apply,Requires improvement
199,Osborne Primary School,Station Road,B23 6UB,http://www.osborne-pri.bham.sch.uk/,Primary,-1.8382587719999999,52.527282799999995,Osborne Primary School,Birmingham,Closed,Maintained school,Community school,1,0,0,5,11,Mixed,Does not apply,Serious Weaknesses
200,Osborne Primary School,Station Road,B23 6UB,http://www.osborne-pri.bham.sch.uk/,Primary,-1.8382587719999999,52.527282799999995,Osborne Primary School,Birmingham,Open,Academy,Academy sponsor led,1,0,0,5,11,Mixed,Does not apply,
201,Oscott Manor School,Old Oscott Hill,B44 9SP,http://www.oscottmanor.bham.sch.uk/,Special,-1.8924535569999998,52.54704114,Oscott Manor School,Birmingham,Open,Special school,Community special school,0,1,1,11,19,Mixed,Does not apply,Good
202,Our Lady and St Rose of Lima Catholic Primary School,Gregory Avenue,B29 5DY,http://www.olstrose.bham.sch.uk/,Primary,-1.962595445,52.43599689,Our Lady and St Rose of Lima Catholic Primary School,Birmingham,Open,Maintained school,Voluntary aided school,1,0,0,3,11,Mixed,Roman Catholic,Good
203,Our Lady of Fatima Catholic Primary School,Winchfield Drive,B17 8TR,http://www.olfatima.bham.sch.uk/,Primary,-1.97594739,52.46674442,Our Lady of Fatima Catholic Primary School,Birmingham,Open,Academy,Academy converter,1,0,0,5,11,Mixed,Roman Catholic,
204,Our Lady's Catholic Primary School,East Meadway,B33 0AU,http://www.ourladys.bham.sch.uk/,Primary,-1.7690661509999999,52.48006094,Our Lady's Catholic Primary School,Birmingham,Closed,Maintained school,Voluntary aided school,1,0,0,4,11,Mixed,Roman Catholic,Good
205,Our Lady's Catholic Primary School,East Meadway,B33 0AU,http://www.ourladys.bham.sch.uk/,Primary,-1.7690661509999999,52.48006094,Our Lady's Catholic Primary School,Birmingham,Open,Academy,Academy converter,1,0,0,4,11,Mixed,Roman Catholic,
206,Paganel Primary School,Swinford Road,B29 5TG,http://paganelschool.com/,Primary,-1.968618165,52.44417783,Paganel Primary School,Birmingham,Open,Maintained school,Community school,1,0,0,3,11,Mixed,Does not apply,Good
207,Paget Primary School,Paget Road,B24 0JP,http://www.paget.bham.sch.uk/,Primary,-1.817792585,52.52187717,Paget Primary School,Birmingham,Open,Maintained school,Community school,1,0,0,3,11,Mixed,Does not apply,Requires improvement
208,Park Hill Primary School,Alcester Road,B13 8BB,http://www.parkhill.bham.sch.uk/,Primary,-1.887963911,52.45085373,Park Hill Primary School,Birmingham,Open,Maintained school,Community school,1,0,0,3,11,Mixed,Does not apply,Good
209,Parkfield Community School,Parkfield Road,B8 3AX,http://www.parkfield.bham.sch.uk/,Primary,-1.849486384,52.48528773,Parkfield Community School,Birmingham,Open,Academy,Academy converter,1,0,0,3,11,Mixed,Does not apply,Outstanding
210,Penns Primary School,Berwood Road,B72 1BS,http://www.pennsji.bham.sch.uk/,Primary,-1.816508475,52.53295971,Penns Primary School,Sutton Coldfield,Open,Maintained school,Community school,1,0,0,5,11,Mixed,Does not apply,Good
211,Percy Shurmer Academy,Longmore Street,B12 9ED,http://www.percyshurmeracademy.org/,Primary,-1.891669425,52.46389262,Percy Shurmer Academy,Birmingham,Open,Academy,Academy sponsor led,1,0,0,3,11,Mixed,None,Good
212,Plantsbrook School,Upper Holland Road,B72 1RB,http://web.plantsbrookschool.co.uk/,Secondary,-1.818569584,52.55870986,Plantsbrook School,Sutton Coldfield,Open,Academy,Academy converter,0,1,1,11,18,Mixed,Does not apply,Good
213,Priestley Smith School,"Perry Beeches Campus, Beeches Road",B42 2PY,http://www.priestleysmith.co.uk/,Special,-1.90767078,52.54052728,Priestley Smith School,Birmingham,Open,Special school,Community special school,1,1,1,2,19,Mixed,Does not apply,Outstanding
214,Prince Albert Junior and Infant School,Albert Road,B6 5NH,http://www.princealbert.bham.sch.uk/,Primary,-1.893220666,52.50420504,Prince Albert Junior and Infant School,Birmingham,Open,Academy,Academy converter,1,0,0,3,11,Mixed,Does not apply,
215,Princethorpe Infant School,Princethorpe Road,B29 5QB,http://www.princethorpeinfants.org.uk/,Infants,-1.96878568,52.43603291,Princethorpe Infant School,Birmingham,Open,Academy,Academy converter,1,0,0,3,7,Mixed,Does not apply,Good
216,Princethorpe Junior School,Princethorpe Road,B29 5QB,http://www.princethorpejuniors.org.uk/,Juniors,-1.969064897,52.43633864,Princethorpe Junior School,Birmingham,Closed,Maintained school,Community school,1,0,0,7,11,Mixed,Does not apply,Special Measures
217,Princethorpe Junior School,Princethorpe Road,B29 5QB,http://www.princethorpejuniors.org.uk/,Juniors,-1.969064897,52.43633864,Princethorpe Junior School,Birmingham,Open,Academy,Academy sponsor led,1,0,0,7,11,Mixed,Does not apply,
218,Queensbridge School,Queensbridge Road,B13 8QB,http://www.queensbridge.bham.sch.uk/,Secondary,-1.893402295,52.44110458,Queensbridge School,Birmingham,Open,Maintained school,Foundation school,0,1,0,11,16,Mixed,Does not apply,Outstanding
219,Queensbury School,Wood End Road,B24 8BL,http://www.queensburysch.com/,Special,-1.840330605,52.51684835,Queensbury School,Birmingham,Closed,Special school,Community special school,0,1,1,11,19,Mixed,Does not apply,Serious Weaknesses
220,Queensbury School,Wood End Road,B24 8BL,http://www.queensburysch.com/,Special,-1.840330605,52.51684835,Queensbury School,Birmingham,Open,Special school,Academy special sponsor led,0,1,1,11,19,Mixed,Does not apply,
221,Quinton Church Primary School,Hagley Road West,B32 1AJ,http://www.quinton.bham.sch.uk/,Primary,-2.00931553,52.46077706,Quinton Church Primary School,Birmingham,Open,Academy,Academy converter,1,0,0,4,11,Mixed,Church of England,Good
222,Raddlebarn Primary School,Gristhorpe Road,B29 7TD,http://www.raddlebarn.co.uk/,Primary,-1.9276568219999999,52.43681517,Raddlebarn Primary School,Birmingham,Open,Maintained school,Community school,1,0,0,3,11,Mixed,Does not apply,Good
223,Reaside Academy,Tresco Close,B45 0HY,http://www.reasideacademy.com/,Juniors,-2.02591734,52.40162556,Reaside Academy,Birmingham,Open,Academy,Academy sponsor led,1,0,0,7,11,Mixed,Does not apply,Good
224,Rednal Hill Infant School,Irwin Avenue,B45 8QY,http://www.rednalhill-inf.bham.sch.uk/,Infants,-2.000292693,52.39159913,Rednal Hill Infant School,Birmingham,Open,Maintained school,Community school,1,0,0,3,7,Mixed,Does not apply,Good
225,Rednal Hill Junior School,Irwin Avenue,B45 8QY,http://www.rednalhill-jun.bham.sch.uk/,Juniors,-2.0014976019999997,52.39129345,Rednal Hill Junior School,Birmingham,Open,Maintained school,Community school,1,0,0,7,11,Mixed,Does not apply,Requires improvement
226,Regents Park Community Primary School,Arthur Street,B10 0NJ,http://www.rgntpark.bham.sch.uk/,Primary,-1.868966801,52.47103474,Regents Park Community Primary School,Birmingham,Open,Maintained school,Community school,1,0,0,3,11,Mixed,Does not apply,Good
227,Robin Hood Academy,Pitmaston Road,B28 9PP,http://www.robinhoodprimary.com/,Primary,-1.831570133,52.42596555,Robin Hood Academy,Birmingham,Open,Academy,Academy converter,1,0,0,3,11,Mixed,Does not apply,Good
228,Rockwood Academy,Naseby Road,B8 3HG,http://www.rockwood-academy.co.uk/,Secondary,-1.8465135819999998,52.49086293,Rockwood Academy,Birmingham,Open,Academy,Academy converter,0,1,0,11,16,Mixed,Does not apply,Good
229,Rookery School,Rookery Road,B21 9PY,http://www.rookeryschool.co.uk/,Primary,-1.9388367709999998,52.51108752,Rookery School,Birmingham,Open,Academy,Academy converter,1,0,0,3,11,Mixed,Does not apply,Good
230,Sacred Heart Catholic School,Earlsbury Gardens,B20 3AE,http://www.sacredheart.bham.sch.uk/,Primary,-1.900972748,52.509461800000004,Sacred Heart Catholic School,Birmingham,Closed,Maintained school,Voluntary aided school,1,0,0,4,11,Mixed,Roman Catholic,Special Measures
231,Sacred Heart Catholic School,Earlsbury Gardens,B20 3AE,http://www.sacredheart.bham.sch.uk/,Primary,-1.900972748,52.509461800000004,Sacred Heart Catholic School,Birmingham,Open,Academy,Academy sponsor led,1,0,0,4,11,Mixed,Roman Catholic,
232,Saint Barnabas Church of England Primary School,Spring Lane,B24 9BY,http://www.stbarnabaserdington.com/,Primary,-1.832387345,52.52081995,Saint Barnabas Church of England Primary School,Birmingham,Closed,Maintained school,Voluntary aided school,1,0,0,3,11,Mixed,Church of England,Good
233,Saint Barnabas Church of England Primary School,Spring Lane,B24 9BY,http://www.stbarnabaserdington.com/,Primary,-1.832387345,52.52081995,Saint Barnabas Church of England Primary School,Birmingham,Open,Academy,Academy converter,1,0,0,3,11,Mixed,Church of England,
234,Saltley Academy,Belchers Lane,B9 5RX,http://www.saltley.bham.sch.uk/,Secondary,-1.831997154,52.48395163,Saltley Academy,Birmingham,Open,Academy,Academy sponsor led,0,1,0,11,16,Mixed,Does not apply,Good
235,Selly Oak Trust School,Oak Tree Lane,B29 6HZ,http://www.sellyoak.bham.sch.uk/,Special,-1.938279535,52.43510401,Selly Oak Trust School,Birmingham,Open,Special school,Foundation special school,1,1,1,11,19,Mixed,Does not apply,Good
236,Severne Junior Infant and Nursery School,Severne Road,B27 7HR,http://www.severne.bham.sch.uk/,Primary,-1.821935165,52.43388965,Severne Junior Infant and Nursery School,Birmingham,Open,Maintained school,Community school,1,0,0,3,11,Mixed,Does not apply,Good
237,Shaw Hill Primary School,Anthony Road,B8 3AN,http://www.shawhill.bham.sch.uk/,Primary,-1.84491418,52.48775849,Shaw Hill Primary School,Birmingham,Open,Maintained school,Community school,1,0,0,3,11,Mixed,Does not apply,Outstanding
238,Shenley Academy,Shenley Lane,B29 4HE,http://www.shenleyacademy.org/,Secondary,-1.9769084380000002,52.42988562,Shenley Academy,Birmingham,Open,Academy,Academy sponsor led,0,1,1,11,19,Mixed,Does not apply,Good
239,Skilts School,Gorcott Hill,B98 9ET,http://www.skilts.bham.sch.uk/,Special,-1.8627890390000001,52.30785745,Skilts School,Redditch,Closed,Special school,Community special school,1,1,0,5,14,Boys,Does not apply,Requires improvement
240,Slade Primary School,Slade Road,B23 7PX,http://www.slade.bham.sch.uk/,Primary,-1.858009896,52.51362551,Slade Primary School,Birmingham,Open,Academy,Academy sponsor led,1,0,0,3,11,Mixed,None,Good
241,Sladefield Infant School,Bamville Road,B8 2TJ,http://www.slfield.bham.sch.uk/,Infants,-1.832318355,52.49241164,Sladefield Infant School,Birmingham,Open,Maintained school,Community school,1,0,0,5,7,Mixed,Does not apply,Outstanding
242,Somerville Primary (NC) School,Somerville Road,B10 9EN,http://web.somerville.bham.sch.uk/,Primary,-1.8551292259999999,52.47093776,Somerville Primary (NC) School,Birmingham,Open,Maintained school,Community school,1,0,0,3,11,Mixed,Does not apply,Good
243,Springfield House Community Special School,Kenilworth Road,B93 0AJ,http://www.spfldhs.bham.sch.uk/,Special,-1.704616905,52.38340948,Springfield House Community Special School,Solihull,Open,Special school,Community special school,1,0,0,4,11,Mixed,Does not apply,Special Measures
244,Springfield Primary School,Springfield Road,B13 9NY,http://www.springf.bham.sch.uk/,Primary,-1.858578272,52.44333453,Springfield Primary School,Birmingham,Closed,Maintained school,Community school,1,0,0,2,11,Mixed,Does not apply,Special Measures
245,St Alban's Catholic Primary School,Broad Lane,B14 5AL,http://www.st-albans.eschools.co.uk/site,Primary,-1.8886438490000002,52.41454359,St Alban's Catholic Primary School,Birmingham,Open,Maintained school,Voluntary aided school,1,0,0,4,11,Mixed,Roman Catholic,Good
246,St Ambrose Barlow Catholic Primary School,Shirley Road,B28 9JJ,http://www.sab.bham.sch.uk/,Primary,-1.835281231,52.42458625,St Ambrose Barlow Catholic Primary School,Birmingham,Open,Maintained school,Voluntary aided school,1,0,0,5,11,Mixed,Roman Catholic,Outstanding
247,St Anne's Catholic Primary School,Lowe Street,B12 0ER,http://www.st-annes.bham.sch.uk/,Primary,-1.8796265269999999,52.47042573,St Anne's Catholic Primary School,Birmingham,Open,Maintained school,Voluntary aided school,1,0,0,4,11,Mixed,Roman Catholic,Good
248,St Augustine's Catholic Primary School,Avenue Road,B21 8ED,http://www.staugust.bham.sch.uk/,Primary,-1.945124575,52.51421369,St Augustine's Catholic Primary School,Birmingham,Open,Maintained school,Voluntary aided school,1,0,0,3,11,Mixed,Roman Catholic,Good
249,St Bernadette's Catholic Primary School,Hobmoor Road,B25 8QL,http://www.stberns.co.uk/,Primary,-1.827679569,52.46886476,St Bernadette's Catholic Primary School,Birmingham,Open,Maintained school,Voluntary aided school,1,0,0,4,11,Mixed,Roman Catholic,Good
250,St Bernard's Catholic Primary School,Wake Green Road,B13 9QE,http://birmingham.schooljotter.com/bernards,Primary,-1.8614037490000002,52.43697205,St Bernard's Catholic Primary School,Birmingham,Open,Maintained school,Voluntary aided school,1,0,0,5,11,Mixed,Roman Catholic,Good
251,St Brigid's Catholic Primary School,Frankley Beeches Road,B31 5AB,http://www.stbrigid.bham.sch.uk/,Primary,-1.97625378,52.41081758,St Brigid's Catholic Primary School,Birmingham,Open,Academy,Academy converter,1,0,0,3,11,Mixed,Roman Catholic,Good
252,St Catherine of Siena Catholic Primary School,Great Colmore Street,B15 2AY,http://www.stcathrc.bham.sch.uk/,Primary,-1.9012040730000002,52.47188409,St Catherine of Siena Catholic Primary School,Birmingham,Open,Maintained school,Voluntary aided school,1,0,0,3,11,Mixed,Roman Catholic,Outstanding
253,St Chad's Catholic Primary School,Hospital Street,B19 3XD,http://www.stchadsprimary.co.uk/,Primary,-1.901128688,52.49247997,St Chad's Catholic Primary School,Birmingham,Closed,Maintained school,Voluntary aided school,1,0,0,4,11,Mixed,Roman Catholic,Good
254,St Chad's Catholic Primary School,Hospital Street,B19 3XD,http://www.stchadsprimary.co.uk/,Primary,-1.901128688,52.49247997,St Chad's Catholic Primary School,Birmingham,Open,Academy,Academy converter,1,0,0,4,11,Mixed,Roman Catholic,
255,St Clare's Catholic Primary School,Robert Road,B20 3RT,http://www.stclare.bham.sch.uk/,Primary,-1.9132007690000001,52.51009168,St Clare's Catholic Primary School,Birmingham,Open,Maintained school,Voluntary aided school,1,0,0,3,11,Mixed,Roman Catholic,Requires improvement
256,St Clement's Church of England Academy,Butlin Street,B7 5NS,http://www.stclemce.bham.sch.uk/,Primary,-1.8679081219999998,52.50017902,St Clement's Church of England Academy,Birmingham,Open,Academy,Academy sponsor led,1,0,0,3,11,Mixed,Church of England,Good
257,St Columba's Catholic Primary School,Lickey Road,B45 8TD,http://www.stcolumba.bham.sch.uk/,Primary,-1.9909462880000002,52.39469141,St Columba's Catholic Primary School,Birmingham,Open,Academy,Academy sponsor led,1,0,0,4,11,Mixed,Roman Catholic,Good
258,St Cuthbert's RC Junior and Infant (NC) School,Gumbleberrys Close,B8 2PS,http://www.stcuthbt.bham.sch.uk/,Primary,-1.818572949,52.48620637,St Cuthbert's RC Junior and Infant (NC) School,Birmingham,Open,Maintained school,Voluntary aided school,1,0,0,3,11,Mixed,Roman Catholic,Good
259,St Dunstan's Catholic Primary School,Drayton Road,B14 7LP,http://www.stdunstans.bham.sch.uk/,Primary,-1.889805374,52.43225512,St Dunstan's Catholic Primary School,Birmingham,Open,Maintained school,Voluntary aided school,1,0,0,3,11,Mixed,Roman Catholic,Good
260,St Edmund Campion Catholic School & Sixth Form Centre,Sutton Road,B23 5XA,http://www.stedcamp.bham.sch.uk/,Secondary,-1.830641236,52.53033774,St Edmund Campion Catholic School & Sixth Form Centre,Birmingham,Closed,Maintained school,Voluntary aided school,0,1,1,11,18,Mixed,Roman Catholic,Good
261,St Edmund's Catholic Primary School,Rosebery Street,B18 7PA,http://www.stedmund.bham.sch.uk/,Primary,-1.923215869,52.48701248,St Edmund's Catholic Primary School,Birmingham,Open,Maintained school,Voluntary aided school,1,0,0,3,11,Mixed,Roman Catholic,Requires improvement
262,St Edward's Catholic Primary School,Greenland Road,B29 7PN,http://www.stedward.bham.sch.uk/,Primary,-1.9190526419999998,52.43869931,St Edward's Catholic Primary School,Birmingham,Open,Maintained school,Voluntary aided school,1,0,0,4,11,Mixed,Roman Catholic,Good
263,St Francis Catholic Primary School,Nursery Road,B19 1PH,http://www.stfranrc.bham.sch.uk/,Primary,-1.914226566,52.49775827,St Francis Catholic Primary School,Birmingham,Open,Maintained school,Voluntary aided school,1,0,0,4,11,Mixed,Roman Catholic,Good
264,St Francis Church of England Aided Primary School and Nursery,Teazel Avenue,B30 1LZ,http://www.stfrancisprimaryandnursery.co.uk/,Primary,-1.945619135,52.42331272,St Francis Church of England Aided Primary School and Nursery,Birmingham,Open,Academy,Academy converter,1,0,0,3,11,Mixed,Church of England,Good
265,"St George's Church of England Academy, Newtown",St George's Street,B19 3QY,http://www.stgnewtown.bham.sch.uk/,Primary,-1.903209975,52.49036911,"St George's Church of England Academy, Newtown",Birmingham,Open,Academy,Academy sponsor led,1,0,0,4,11,Mixed,Church of England,Good
266,St George's Church of England Primary School,Beaufort Road,B16 8HY,http://www.stgeorgesb16.com/,Primary,-1.928480814,52.47315326,St George's Church of England Primary School,Birmingham,Open,Academy,Academy sponsor led,1,0,0,5,11,Mixed,Church of England,Good
267,St Gerard's RC Junior and Infant School,Yatesbury Avenue,B35 6LB,http://www.stgerard.bham.sch.uk/,Primary,-1.786632534,52.52263432,St Gerard's RC Junior and Infant School,Birmingham,Open,Maintained school,Voluntary aided school,1,0,0,3,11,Mixed,Roman Catholic,Good
268,St James Catholic Primary School,Leach Heath Lane,B45 9BN,http://www.stjamescatholicprimary.co.uk,Primary,-2.011886903,52.39231768,St James Catholic Primary School,Birmingham,Open,Academy,Academy converter,1,0,0,4,11,Mixed,Roman Catholic,
269,"St James Church of England Primary School, Handsworth",Sandwell Road,B21 8NH,http://www.stjamesce.bham.sch.uk/page/default.asp?title=Home&pid=1,Primary,-1.949198786,52.50786504,"St James Church of England Primary School, Handsworth",Birmingham,Open,Maintained school,Voluntary controlled school,1,0,0,4,11,Mixed,Church of England,Good
270,St John and Monica Catholic Primary School,Chantry Road,B13 8DW,http://www.stjonmon.bham.sch.uk/,Primary,-1.894424539,52.45042808,St John and Monica Catholic Primary School,Birmingham,Open,Maintained school,Voluntary aided school,1,0,0,4,11,Mixed,Roman Catholic,Good
271,St John Fisher Catholic Primary School,Alvechurch Road,B31 3PN,http://www.stjonfsh.bham.sch.uk/,Primary,-1.959777632,52.39367813,St John Fisher Catholic Primary School,Birmingham,Closed,Maintained school,Voluntary aided school,1,0,0,4,11,Mixed,Roman Catholic,Good
272,St John Fisher Catholic Primary School,Alvechurch Road,B31 3PN,http://www.stjonfsh.bham.sch.uk/,Primary,-1.959777632,52.39367813,St John Fisher Catholic Primary School,Birmingham,Open,Academy,Academy converter,1,0,0,4,11,Mixed,Roman Catholic,
273,St John's CofE Primary School,Stratford Road,B11 4EA,http://www.st-johns-pri.bham.sch.uk/,Primary,-1.864572125,52.44950781,St John's CofE Primary School,Birmingham,Open,Academy,Academy converter,1,0,0,3,11,Mixed,Church of England,Outstanding
274,St Jude's Catholic Primary School,St Jude's Close,B14 5PD,http://www.stjuderc.bham.sch.uk/,Primary,-1.889394385,52.40538522,St Jude's Catholic Primary School,Birmingham,Open,Maintained school,Voluntary aided school,1,0,0,4,11,Mixed,Roman Catholic,Good
275,St Laurence Church Infant School,Bunbury Road,B31 2DJ,http://www.stlrnci.bham.sch.uk/,Infants,-1.9644494819999998,52.41436435,St Laurence Church Infant School,Birmingham,Open,Maintained school,Voluntary aided school,1,0,0,4,7,Mixed,Church of England,Good
276,St Laurence Church Junior School,Bunbury Road,B31 2DJ,http://www.stlrncj.bham.sch.uk/,Juniors,-1.962787109,52.41488664,St Laurence Church Junior School,Birmingham,Open,Maintained school,Voluntary aided school,1,0,0,7,11,Mixed,Church of England,Good
277,St Margaret Mary RC Junior and Infant School,Perry Common Road,B23 7AB,http://www.stmgtmry.bham.sch.uk/,Primary,-1.8637844430000001,52.53329313,St Margaret Mary RC Junior and Infant School,Birmingham,Open,Maintained school,Voluntary aided school,1,0,0,3,11,Mixed,Roman Catholic,Good
278,St Mark's Catholic Primary School,Almond Croft,B42 1NU,http://www.stmarkrc.bham.sch.uk/,Primary,-1.928632268,52.53450055,St Mark's Catholic Primary School,Birmingham,"Open, but proposed to close",Maintained school,Voluntary aided school,1,0,0,4,11,Mixed,Roman Catholic,Outstanding
279,St Martin de Porres Catholic Primary School,Oakland Road,B13 9DN,http://www.stmartindeporres.org.uk/,Primary,-1.881792286,52.4477282,St Martin de Porres Catholic Primary School,Birmingham,Open,Maintained school,Voluntary aided school,1,0,0,4,11,Mixed,Roman Catholic,Good
280,St Mary and St John Junior and Infant School,Beaufort Road,B23 7NB,http://www.stmryjon.bham.sch.uk/,Primary,-1.848274433,52.51660705,St Mary and St John Junior and Infant School,Birmingham,Closed,Maintained school,Voluntary aided school,1,0,0,3,11,Mixed,Roman Catholic,Special Measures
281,St Mary and St John Junior and Infant School,Beaufort Road,B23 7NB,http://www.stmryjon.bham.sch.uk/,Primary,-1.848274433,52.51660705,St Mary and St John Junior and Infant School,Birmingham,Open,Academy,Academy sponsor led,1,0,0,3,11,Mixed,Roman Catholic,
282,St Mary's Catholic Primary School,Vivian Road,B17 0DN,http://www.stmaryrc.bham.sch.uk/,Primary,-1.95215373,52.45649592,St Mary's Catholic Primary School,Birmingham,Open,Maintained school,Voluntary aided school,1,0,0,4,11,Mixed,Roman Catholic,Outstanding
283,St Mary's Church of England Primary School,Lodge Hill Road,B29 6NU,http://www.stmryb29.bham.sch.uk/,Primary,-1.943054963,52.43908002,St Mary's Church of England Primary School,Birmingham,Open,Maintained school,Voluntary aided school,1,0,0,4,11,Mixed,Church of England,Good
284,"St Marys C of E Primary and Nursery, Academy, Handsworth",Hamstead Road,B20 2RW,http://www.stmryb20.bham.sch.uk/,Primary,-1.919416557,52.51119287,"St Marys C of E Primary and Nursery, Academy, Handsworth",Birmingham,Open,Academy,Academy converter,1,0,0,3,11,Mixed,Church of England,Good
285,St Matthew's CofE Primary School,Duddeston Manor Road,B7 4JR,http://www.st-matthews.bham.sch.uk/,Primary,-1.8782794409999999,52.48919542,St Matthew's CofE Primary School,Birmingham,Open,Maintained school,Voluntary controlled school,1,0,0,4,11,Mixed,Church of England,Outstanding
286,"St Michael's CofE Primary Academy, Handsworth",Piers Road,B21 0UX,http://www.stmich21.bham.sch.uk/,Primary,-1.9248125790000001,52.5006512,"St Michael's CofE Primary Academy, Handsworth",Birmingham,Open,Academy,Academy sponsor led,1,0,0,4,11,Mixed,Church of England,Requires improvement
287,St Nicholas Catholic Primary School,Jockey Road,B73 5US,http://www.stnicholassutton.org.uk/,Primary,-1.8398425930000002,52.54980462,St Nicholas Catholic Primary School,Sutton Coldfield,Open,Academy,Academy converter,1,0,0,4,11,Mixed,Roman Catholic,
288,St Patrick's Catholic Primary School,Dudley Road,B18 7QW,http://www.stpatrc.bham.sch.uk/,Primary,-1.931640445,52.48626241,St Patrick's Catholic Primary School,Birmingham,Open,Maintained school,Voluntary aided school,1,0,0,4,11,Mixed,Roman Catholic,Good
289,St Paul's Catholic Primary School,Sisefield Road,B38 9JB,http://www.stpaulrc.bham.sch.uk/,Primary,-1.924628276,52.40118575,St Paul's Catholic Primary School,Birmingham,Open,Academy,Academy converter,1,0,0,3,11,Mixed,Roman Catholic,Good
290,St Paul's School for Girls,Vernon Road,B16 9SL,http://www.stpaulgl.bham.sch.uk/page_viewer.asp?page=Home&pid=1,Secondary,-1.9407703319999998,52.47556927,St Paul's School for Girls,Birmingham,Open,Maintained school,Voluntary aided school,0,1,1,11,18,Girls,Roman Catholic,Outstanding
291,St Peter and St Paul RC Junior and Infant School,Kingsbury Road,B24 9ND,http://www.ssptrpl.bham.sch.uk/,Primary,-1.823982485,52.51820064,St Peter and St Paul RC Junior and Infant School,Birmingham,Closed,Maintained school,Voluntary aided school,1,0,0,4,11,Mixed,Roman Catholic,Good
292,St Peter and St Paul RC Junior and Infant School,Kingsbury Road,B24 9ND,http://www.ssptrpl.bham.sch.uk/,Primary,-1.823982485,52.51820064,St Peter and St Paul RC Junior and Infant School,Birmingham,Open,Academy,Academy converter,1,0,0,4,11,Mixed,Roman Catholic,
293,St Peter's Catholic Primary School,Adams Hill,B32 3QD,http://www.stpeterc.bham.sch.uk/,Primary,-1.99977399,52.43631834,St Peter's Catholic Primary School,Birmingham,Open,Maintained school,Voluntary aided school,1,0,0,4,11,Mixed,Roman Catholic,Outstanding
294,St Peters CofE Primary School,Old Church Road,B17 0BE,http://www.st-petersce.bham.sch.uk/,Primary,-1.958211269,52.45423508,St Peters CofE Primary School,Birmingham,Open,Maintained school,Voluntary aided school,1,0,0,3,11,Mixed,Church of England,Good
295,St Saviour's C of E Primary School,Alum Rock Road,B8 1JB,http://www.stsavioursceprimary.co.uk/,Primary,-1.857447497,52.49157256,St Saviour's C of E Primary School,Birmingham,Open,Maintained school,Voluntary controlled school,1,0,0,5,11,Mixed,Church of England,Good
296,St Teresa's Catholic Primary School,Butlers Road,B20 2NY,http://www.stteresa.bham.sch.uk/,Primary,-1.9229282619999999,52.51684086,St Teresa's Catholic Primary School,Birmingham,Open,Maintained school,Voluntary aided school,1,0,0,4,11,Mixed,Roman Catholic,Good
297,St Thomas Aquinas Catholic School,Wychall Lane,B38 8AP,http://www.stacs.org/,Secondary,-1.94732598,52.41004419,St Thomas Aquinas Catholic School,Birmingham,Open,Academy,Academy converter,0,1,1,11,18,Mixed,Roman Catholic,Good
298,St Thomas More Catholic Primary School,Horse Shoes Lane,B26 3HU,http://www.sttommor.bham.sch.uk/,Primary,-1.782846783,52.45635347,St Thomas More Catholic Primary School,Birmingham,Closed,Maintained school,Voluntary aided school,1,0,0,4,11,Mixed,Roman Catholic,Serious Weaknesses
299,St Thomas More Catholic Primary School,Horse Shoes Lane,B26 3HU,http://www.sttommor.bham.sch.uk/,Primary,-1.782846783,52.45635347,St Thomas More Catholic Primary School,Birmingham,Open,Academy,Academy sponsor led,1,0,0,4,11,Mixed,Roman Catholic,
300,St Vincent's Catholic Primary School,Vauxhall Grove,B7 4HP,http://www.stvincnt.bham.sch.uk/,Primary,-1.875316039,52.48510191,St Vincent's Catholic Primary School,BIRMINGHAM,Open,Maintained school,Voluntary aided school,1,0,0,3,11,Mixed,Roman Catholic,Good
301,St Wilfrid's Catholic Junior and Infant School,Shawsdale Road,B36 8LY,http://www.stwilfrd.bham.sch.uk/,Primary,-1.800389702,52.50495707,St Wilfrid's Catholic Junior and Infant School,Birmingham,Closed,Maintained school,Voluntary aided school,1,0,0,3,11,Mixed,Roman Catholic,Good
302,St Wilfrid's Catholic Junior and Infant School,Shawsdale Road,B36 8LY,http://www.stwilfrd.bham.sch.uk/,Primary,-1.800389702,52.50495707,St Wilfrid's Catholic Junior and Infant School,Birmingham,Open,Academy,Academy converter,1,0,0,3,11,Mixed,Roman Catholic,
303,Stanville Primary School,Stanville Road,B26 3YN,https://intranet.stanville.bham.sch.uk/home/SitePages/Homepage.aspx,Primary,-1.7791817369999998,52.46236998,Stanville Primary School,Birmingham,Open,Maintained school,Community school,1,0,0,3,11,Mixed,Does not apply,Good
304,Starbank School,Starbank Road,B10 9LR,http://www.starbankprimary.co.uk/www/,All Through,-1.832756696,52.47000031,Starbank School,Birmingham,Open,Academy,Academy sponsor led,1,1,0,3,16,Mixed,Does not apply,
305,Stechford Primary School,Albert Road,B33 8SJ,http://www.stechfordprimary.co.uk/bham/primary/stechford,Primary,-1.813152325,52.47958134,Stechford Primary School,Birmingham,Open,Maintained school,Community school,1,0,0,3,11,Mixed,Does not apply,Good
306,Stirchley Primary School,Pershore Road,B30 2JL,http://www.stirchly.bham.sch.uk/,Primary,-1.9231593919999999,52.42612319,Stirchley Primary School,Birmingham,Open,Academy,Academy converter,1,0,0,3,11,Mixed,Does not apply,Good
307,Stockland Green School,Slade Road,B23 7JH,http://www.stockgrn.bham.sch.uk/home/,Secondary,-1.8618552240000001,52.523240200000004,Stockland Green School,Birmingham,Open,Academy,Academy converter,0,1,0,11,16,Mixed,Does not apply,Good
308,Summerfield Junior and Infant School,Cuthbert Road,B18 4AH,http://www.sumfield.bham.sch.uk/,Primary,-1.939662936,52.48874799,Summerfield Junior and Infant School,Birmingham,Open,Maintained school,Community school,1,0,0,3,11,Mixed,Does not apply,Requires improvement
309,Sundridge Primary School,Sundridge Road,B44 9NY,http://www.sundridge.bham.sch.uk/,Primary,-1.8962033059999999,52.55777834,Sundridge Primary School,Birmingham,Open,Maintained school,Community school,1,0,0,4,11,Mixed,Does not apply,Requires improvement
310,Sutton Coldfield Grammar School for Girls,Jockey Road,B73 5PT,http://www.suttcold.bham.sch.uk/scgsg/index.php,Secondary,-1.8298265180000002,52.55428557,Sutton Coldfield Grammar School for Girls,Sutton Coldfield,Open,Academy,Academy converter,0,1,1,11,18,Girls,Does not apply,
311,Swanshurst School,Brook Lane,B13 0TW,http://www.swanshurst.org/,Secondary,-1.874183805,52.42967285,Swanshurst School,Birmingham,Open,Maintained school,Community school,0,1,1,11,19,Girls,Does not apply,Outstanding
312,Tame Valley Academy,Chillinghome Road,B36 8QJ,http://www.tamevalleyacademy.co.uk/,Primary,-1.8145699869999998,52.50663432,Tame Valley Academy,Birmingham,Open,Academy,Academy sponsor led,1,0,0,3,11,Mixed,Does not apply,Good
313,The Arthur Terry School,Kittoe Road,B74 4RZ,http://www.arthurterry.bham.sch.uk/,Secondary,-1.8361934580000001,52.58964437,The Arthur Terry School,Sutton Coldfield,Open,Academy,Academy converter,0,1,1,11,18,Mixed,Does not apply,
314,The Bridge School,Coppice View Road,B73 6UE,http://www.bridgespecialschool.co.uk/,Special,-1.876458256,52.55747805,The Bridge School,Birmingham,Open,Special school,Academy special converter,1,0,0,2,11,Mixed,Does not apply,Good
315,The Dame Ellen Pinsent School,Ardencote Road,B13 0RW,http://www.dameellenpinsent.bham.sch.uk/,Special,-1.883096123,52.42756488,The Dame Ellen Pinsent School,Birmingham,Open,Special school,Foundation special school,1,0,0,5,11,Mixed,Does not apply,Outstanding
316,The Deanery Church of England Primary School,Fox Hollies Road,B76 2RD,http://web.deanery.bham.sch.uk/,Primary,-1.796576784,52.54270826,The Deanery Church of England Primary School,Sutton Coldfield,Open,Academy,Academy converter,1,0,0,2,11,Mixed,Church of England,Outstanding
317,The Meadows Primary School,Bristol Road South,B31 2SW,http://www.meadowsprimary.org/,Primary,-1.982036885,52.40412101,The Meadows Primary School,Birmingham,Open,Maintained school,Community school,1,0,0,5,11,Mixed,Does not apply,Requires improvement
318,The Oaklands Primary School,Dolphin Lane,B27 7BT,http://www.theoaklands.org.uk/,Primary,-1.8205968369999999,52.44111561,The Oaklands Primary School,Birmingham,Open,Academy,Academy converter,1,0,0,3,11,Mixed,Does not apply,Good
319,The Oaks Primary School,Bells Lane,B14 5RY,http://www.theoaks.bham.sch.uk/,Primary,-1.901352909,52.40507034,The Oaks Primary School,Birmingham,Open,Maintained school,Community school,1,0,0,2,11,Mixed,Does not apply,Good
320,The Oratory Roman Catholic Primary School,Oliver Road,B16 9ER,http://www.oratory.bham.sch.uk/,Primary,-1.9285622669999998,52.47744146,The Oratory Roman Catholic Primary School,Birmingham,Open,Maintained school,Voluntary aided school,1,0,0,3,11,Mixed,Roman Catholic,Requires improvement
321,The Orchards Primary Academy,Rhayader Road,B31 1TX,http://www.theorchardsprimary.com/,Primary,-1.985118965,52.41838862,The Orchards Primary Academy,Birmingham,Open,Academy,Academy converter,1,0,0,3,11,Mixed,Does not apply,Good
322,The Pines Special School,Dreghorn Road,B36 8LL,http://www.thepinesspecialschool.com/,Special,-1.802173147,52.50478929999999,The Pines Special School,Birmingham,Open,Special school,Foundation special school,1,1,0,3,16,Mixed,Does not apply,Good
323,The Rosary Catholic Primary School,Bridge Road,B8 3SF,http://www.rosaryrc.bham.sch.uk/,Primary,-1.8508271719999998,52.48507364,The Rosary Catholic Primary School,Birmingham,Closed,Maintained school,Voluntary aided school,1,0,0,3,11,Mixed,Roman Catholic,Good
324,The Rosary Catholic Primary School,Bridge Road,B8 3SF,http://www.rosaryrc.bham.sch.uk/,Primary,-1.8508271719999998,52.48507364,The Rosary Catholic Primary School,Birmingham,Open,Academy,Academy converter,1,0,0,3,11,Mixed,Roman Catholic,
325,The Shirestone Academy,Shirestone Road,B33 0DH,http://www.shirestn.bham.sch.uk/,Primary,-1.76808173,52.47966348,The Shirestone Academy,Birmingham,Open,Academy,Academy sponsor led,1,0,0,3,11,Mixed,Does not apply,Outstanding
326,The University of Birmingham School,Weoley Park Road,B29 6QU,http://www.universityschool.bham.ac.uk/,Secondary,-1.947395669,52.43567389,The University of Birmingham School,Birmingham,Open,Academy,Free schools,0,1,1,11,19,Mixed,None,Good
327,Thornton Primary School,Thornton Road,B8 2LQ,http://www.thornton.bham.sch.uk/,Primary,-1.827979705,52.49082320000001,Thornton Primary School,Birmingham,Open,Maintained school,Community school,1,0,0,7,11,Mixed,Does not apply,Good
328,Timberley Academy,Bradley Road,B34 7RL,http://www.timberleyacademy.co.uk/,Primary,-1.770995887,52.49692988,Timberley Academy,Birmingham,Open,Academy,Academy converter,1,0,0,3,11,Mixed,Does not apply,Good
329,Tiverton Academy,Tiverton Road,B29 6BW,http://www.tiverton.bham.sch.uk/,Primary,-1.9326625590000002,52.44357855,Tiverton Academy,Birmingham,Open,Academy,Academy sponsor led,1,0,0,4,11,Mixed,Does not apply,Outstanding
330,Topcliffe Primary School,Hawkinge Drive,B35 6BS,http://www.topcliffe.bham.sch.uk/,Primary,-1.793760204,52.52071412,Topcliffe Primary School,Birmingham,Open,Academy,Academy converter,1,0,0,4,11,Mixed,Does not apply,Good
331,Town Junior School,Ebrook Road,B72 1NX,http://www.townj.bham.sch.uk/,Juniors,-1.8177611359999999,52.55801642,Town Junior School,Sutton Coldfield,Open,Academy,Academy sponsor led,1,0,0,7,11,Mixed,Does not apply,Good
332,Turves Green Boys' School,Turves Green,B31 4BS,http://frog.turvesgreenboys.bham.sch.uk/,Secondary,-1.9703550019999998,52.39863469,Turves Green Boys' School,Birmingham,Closed,Maintained school,Community school,0,1,0,11,16,Boys,Does not apply,Special Measures
333,Turves Green Boys' School,Turves Green,B31 4BS,http://frog.turvesgreenboys.bham.sch.uk/,Secondary,-1.9703550019999998,52.39863469,Turves Green Boys' School,Birmingham,Open,Academy,Academy sponsor led,0,1,1,11,18,Boys,Does not apply,
334,Turves Green Primary School,Northfield,B31 4BP,http://www.turvesgreen-pri.bham.sch.uk/,Primary,-1.9689360180000002,52.40019411,Turves Green Primary School,Birmingham,Open,Academy,Academy sponsor led,1,0,0,4,11,Mixed,Does not apply,Good
335,Twickenham Primary School,Twickenham Road,B44 0NR,http://www.twicknhm.bham.sch.uk/,Primary,-1.866574419,52.54669124,Twickenham Primary School,Birmingham,Open,Academy,Academy converter,1,0,0,3,11,Mixed,Does not apply,Good
336,Uffculme School,Queensbridge Road,B13 8QB,http://www.uffculme.bham.sch.uk/,Special,-1.893625584,52.43999896,Uffculme School,Birmingham,Open,Special school,Community special school,1,1,1,3,19,Mixed,Does not apply,Good
337,Victoria School,Bell Hill,B31 1LD,http://www.victoria.bham.sch.uk/,Special,-1.970458284,52.42021989,Victoria School,Birmingham,Open,Special school,Community special school,1,1,1,2,19,Mixed,Does not apply,Outstanding
338,Walmley Infant School,Walmley Ash Road,B76 1JB,http://www.walmleyinfantschool.co.uk/,Infants,-1.790933867,52.53554248,Walmley Infant School,Sutton Coldfield,Open,Maintained school,Foundation school,1,0,0,3,7,Mixed,None,Good
339,Walmley Junior School,Walmley Ash Road,B76 1JB,http://www.walmley-jun.bham.sch.uk/,Juniors,-1.790036156,52.53521726,Walmley Junior School,Sutton Coldfield,Open,Maintained school,Foundation school,1,0,0,7,11,Mixed,None,Outstanding
340,Ward End Primary School,Ingleton Road,B8 2RA,http://www.wardend.bham.sch.uk/,Primary,-1.831855426,52.49796679999999,Ward End Primary School,Birmingham,Open,Maintained school,Community school,1,0,0,3,11,Mixed,Does not apply,Outstanding
341,Warren Farm Primary School,Aylesbury Crescent,B44 0DT,http://www.warrenfarm-primary.co.uk/,Primary,-1.8765869119999998,52.54153294,Warren Farm Primary School,Birmingham,Open,Academy,Academy converter,1,0,0,3,11,Mixed,Does not apply,Requires improvement
342,Washwood Heath Academy,Burney Lane,B8 2AS,http://washwoodheath.com/,Secondary,-1.819291721,52.49048663,Washwood Heath Academy,Birmingham,Open,Academy,Academy converter,1,1,1,4,18,Mixed,Does not apply,Good
343,Water Mill Primary School,Water Mill Close,B29 6TS,http://www.watrmill.bham.sch.uk/,Primary,-1.94712206,52.44556373,Water Mill Primary School,Birmingham,Open,Maintained school,Community school,1,0,0,4,11,Mixed,Does not apply,Requires improvement
344,Wattville Primary School,Wattville Road,B21 0DP,http://www.wattvilleprimary.bham.sch.uk/,Primary,-1.957350126,52.50401429,Wattville Primary School,Birmingham,Open,Maintained school,Community school,1,0,0,3,11,Mixed,Does not apply,Good
345,Waverley School,Yardley Green Road,B9 5QA,http://www.waverley.bham.sch.uk/,All Through,-1.82993854,52.47551618,Waverley School,Birmingham,Open,Academy,Academy converter,1,1,1,4,19,Mixed,Does not apply,Good
346,Waverley Studio College,311 Yardley Green Road,B9 5QA,http://waverleystudiocollege.co.uk/,Secondary,-1.8297163140000001,52.47588444,Waverley Studio College,Birmingham,Open,Academy,Studio schools,0,1,1,14,19,Mixed,None,Good
347,Welford Primary School,Welford Road,B20 2BL,http://www.welford.bham.sch.uk/,Primary,-1.920018536,52.50419915,Welford Primary School,Birmingham,Open,Maintained school,Community school,1,0,0,3,11,Mixed,Does not apply,Good
348,Welsh House Farm Community School and Special Needs Resources Base,Welsh House Farm Road,B32 2NG,http://www.welshhousefarm.bham.sch.uk/,Primary,-1.9739535730000002,52.45286348,Welsh House Farm Community School and Special Needs Resources Base,Birmingham,Open,Maintained school,Community school,1,0,0,3,11,Mixed,Does not apply,Good
349,West Heath Primary School,Rednal Road,B38 8HU,http://www.westheathprimary.bham.sch.uk/,Primary,-1.95498075,52.39978963,West Heath Primary School,Birmingham,Open,Maintained school,Community school,1,0,0,4,11,Mixed,Does not apply,Good
350,Westminster Primary School,Stamford Road,B20 3PN,http://www.westmnst.bham.sch.uk/page/default.asp?title=Home&pid=1,Primary,-1.908280028,52.50987228,Westminster Primary School,Birmingham,Open,Academy,Academy converter,1,0,0,3,11,Mixed,Does not apply,Good
351,Wheelers Lane Primary School,Wheelers Lane,B13 0SF,http://web.wheelerslane-pri.bham.sch.uk/,Primary,-1.8876643530000001,52.42857167,Wheelers Lane Primary School,Birmingham,Open,Maintained school,Community school,1,0,0,3,11,Mixed,Does not apply,Good
352,Wheelers Lane Technology College,Wheelers Lane,B13 0SF,http://www.wheelerslane.bham.sch.uk/,Secondary,-1.887980397,52.42922733,Wheelers Lane Technology College,Birmingham,Open,Maintained school,Community school,0,1,0,11,16,Boys,Does not apply,Outstanding
353,Whitehouse Common Primary School,Cotysmore Road,B75 6BL,http://www.whitehousecommon.bham.sch.uk/,Primary,-1.811201883,52.57072683,Whitehouse Common Primary School,Sutton Coldfield,Open,Maintained school,Foundation school,1,0,0,3,11,Mixed,Does not apply,Good
354,Wilkes Green Infant School (NC),Antrobus Road,B21 9NT,http://www.wilkgrni.bham.sch.uk/,Infants,-1.936348984,52.50946805,Wilkes Green Infant School (NC),Birmingham,Closed,Maintained school,Community school,1,0,0,3,7,Mixed,Does not apply,Special Measures
355,Wilson Stuart School,Perry Common Road,B23 7AT,http://www.wilsonstuart.co.uk/,Special,-1.868150851,52.53234514,Wilson Stuart School,Birmingham,Open,Special school,Academy special converter,1,1,1,2,19,Mixed,Does not apply,Outstanding
356,Woodcock Hill Primary School,Farwood Road,B31 1BS,http://www.woodcockhillschool.org/,Primary,-1.9836438719999998,52.43127116,Woodcock Hill Primary School,Birmingham,Open,Maintained school,Community school,1,0,0,4,11,Mixed,Does not apply,Requires improvement
357,Woodgate Primary School,Lutley Grove,B32 3PN,http://www.woodgateprimary.co.uk/,Primary,-2.006191957,52.4372684,Woodgate Primary School,Birmingham,Open,Maintained school,Community school,1,0,0,4,11,Mixed,Does not apply,Good
358,Woodhouse Primary Academy,Woodhouse Road,B32 2DL,http://www.woodhouse.priacademy.co.uk/,Primary,-1.9835894719999998,52.45976949999999,Woodhouse Primary Academy,Birmingham,Open,Academy,Academy sponsor led,1,0,0,3,11,Mixed,Does not apply,Good
359,Woodthorpe Junior and Infant School,Greenwood Close,B14 6ET,http://www.woodthorpe-school.com/,Primary,-1.896115859,52.41938707,Woodthorpe Junior and Infant School,Birmingham,Open,Maintained school,Community school,1,0,0,4,11,Mixed,Does not apply,Outstanding
360,World's End Infant and Nursery School,Worlds End Lane,B32 2SA,http://www.worldsendinfant.bham.sch.uk/,Infants,-1.986240178,52.45446573,World's End Infant and Nursery School,Birmingham,Open,Maintained school,Community school,1,0,0,3,7,Mixed,Does not apply,Good
361,World's End Junior School,Worlds End Lane,B32 2SA,http://www.wejs.org.uk/,Juniors,-1.9872996569999999,52.45440293,World's End Junior School,Birmingham,Open,Maintained school,Community school,1,0,0,7,11,Mixed,Does not apply,Good
362,Wychall Primary School,Middle Field Road,B31 3EH,http://www.wychall.bham.sch.uk/,Primary,-1.950385501,52.40844528,Wychall Primary School,Birmingham,Open,Academy,Academy converter,1,0,0,3,11,Mixed,Does not apply,Good
363,Wylde Green Primary School,Green Lanes,B73 5JL,http://wyldegreenprimaryschool.org.uk/,Primary,-1.830509445,52.53778121,Wylde Green Primary School,Sutton Coldfield,Open,Maintained school,Community school,1,0,0,5,11,Mixed,Does not apply,Good
364,Wyndcliffe Primary School,Little Green Lane,B9 5BG,http://www.wyndcliffe.bham.sch.uk/,Primary,-1.859206999,52.47554548,Wyndcliffe Primary School,Birmingham,Open,Academy,Academy sponsor led,1,0,0,3,11,Mixed,Does not apply,Good
365,Yardley Primary School,Harvey Road,B26 1TD,https://intranet.yardley.bham.sch.uk/default.aspx,Primary,-1.81129915,52.46531126,Yardley Primary School,Birmingham,Open,Maintained school,Community school,1,0,0,4,11,Mixed,Does not apply,Good
366,Yardley Wood Community Primary School,School Road,B14 4ER,http://www.ydlywood.bham.sch.uk/,Primary,-1.86066141,52.41579957,Yardley Wood Community Primary School,Birmingham,Open,Maintained school,Community school,1,0,0,3,11,Mixed,Does not apply,Good
367,Yardleys School,Reddings Lane,B11 3EY,http://www.yardleys-vle.com,Secondary,-1.844159721,52.45072336,Yardleys School,Birmingham,Open,Academy,Academy converter,0,1,0,11,16,Mixed,Does not apply,
368,Yarnfield Primary School,Yarnfield Road,B11 3PJ,http://www.yarnfld.bham.sch.uk/,Primary,-1.8366260819999998,52.44592362,Yarnfield Primary School,Birmingham,Open,Academy,Academy sponsor led,1,0,0,3,11,Mixed,Does not apply,Requires improvement
369,Yenton Primary School,Chester Road,B24 0ED,http://www.yenton.bham.sch.uk/,Primary,-1.82381645,52.53026489,Yenton Primary School,Birmingham,Closed,Maintained school,Community school,1,0,0,4,11,Mixed,Does not apply,Good
370,Yenton Primary School,Chester Road,B24 0ED,http://www.yenton.bham.sch.uk/,Primary,-1.82381645,52.53026489,Yenton Primary School,Birmingham,Open,Academy,Academy converter,1,0,0,4,11,Mixed,Does not apply,
371,Yew Tree Community Junior and Infant School (NC),Yew Tree Road,B6 6RX,http://www.yewtree.bham.sch.uk/,Primary,-1.882788259,52.51053307,Yew Tree Community Junior and Infant School (NC),Birmingham,Open,Academy,Academy converter,1,0,0,3,11,Mixed,Does not apply,Good
372,Yorkmead Junior and Infant School,York Road,B28 8BB,http://www.yorkmead.co.uk/,Primary,-1.846372064,52.4407473,Yorkmead Junior and Infant School,Birmingham,Open,Maintained school,Community school,1,0,0,3,11,Mixed,Does not apply,Good
